,Unnamed: 0_level_0,Unnamed: 1_level_0,Unnamed: 2_level_0,Unnamed: 3_level_0,Unnamed: 4_level_0,Games,Games,Passing,Passing,Passing,Passing,Passing,Rushing,Rushing,Rushing,Rushing,Receiving,Receiving,Receiving,Receiving,Receiving,Fumbles,Fumbles,Scoring,Scoring,Scoring,Fantasy,Fantasy,Fantasy,Fantasy,Fantasy,Fantasy,Fantasy
,Rk,Player,Tm,FantPos,Age,G,GS,Cmp,Att,Yds,TD,Int,Att,Yds,Y/A,TD,Tgt,Rec,Yds,Y/R,TD,Fmb,FL,TD,2PM,2PP,FantPt,PPR,DKPt,FDPt,VBD,PosRank,OvRank
0,1,Arian Foster*+,HOU,RB,24,16,13,0,0,0,0,0,327,1616,4.94,16,84,66,604,9.15,2,3,,18,,,330,396.0,402.0,363.0,192,1,1
1,2,Peyton Hillis,CLE,RB,24,16,14,1,2,13,0,0,270,1177,4.36,11,77,61,477,7.82,2,8,,13,,,244,304.9,310.9,274.4,106,2,2
2,3,Adrian Peterson*,MIN,RB,25,15,15,0,0,0,0,0,283,1298,4.59,12,50,36,341,9.47,1,1,,13,,,242,277.9,283.9,259.9,104,3,3
3,4,Jamaal Charles*+,KAN,RB,24,16,6,0,0,0,0,0,230,1467,6.38,5,64,45,468,10.40,3,3,,8,,,242,286.5,292.5,264.0,103,4,4
4,5,Chris Johnson*,TEN,RB,25,16,16,0,0,0,0,0,316,1364,4.32,11,57,44,245,5.57,1,3,,12,,,233,276.9,282.9,254.9,95,5,5
5,6,Brandon Lloyd*,DEN,WR,29,16,11,0,0,0,0,0,1,-18,-18.00,0,153,77,1448,18.81,11,0,,11,,,209,286.0,289.0,247.5,92,1,6
6,7,Dwayne Bowe*,KAN,WR,26,16,16,0,0,0,0,0,1,4,4.00,0,133,72,1162,16.14,15,1,,15,,,207,278.6,281.6,242.6,89,2,7
7,8,Darren McFadden,OAK,RB,23,13,13,0,1,0,0,0,223,1157,5.19,7,61,47,507,10.79,3,4,,10,,,226,273.4,279.4,249.9,88,6,8
8,9,Roddy White*+,ATL,WR,29,16,16,0,0,0,0,0,1,3,3.00,0,179,115,1389,12.08,10,1,,10,2,,203,318.2,321.2,260.7,86,3,9
9,10,Michael Vick*,PHI,QB,30,12,12,233,372,3018,21,6,100,676,6.76,9,0,0,0,,0,11,,9,,1,316,316.3,328.3,322.3,85,1,10
10,11,Rashard Mendenhall,PIT,RB,23,16,16,0,0,0,0,0,324,1273,3.93,13,34,23,167,7.26,0,2,,13,,,222,245.0,251.0,233.5,84,7,11
11,12,LeSean McCoy,PHI,RB,22,15,13,0,0,0,0,0,207,1080,5.22,7,91,78,592,7.59,2,2,,9,,,221,299.2,305.2,260.2,83,8,12
12,13,Greg Jennings*,GNB,WR,27,16,16,0,0,0,0,0,1,-1,-1.00,0,125,76,1265,16.64,12,2,,12,,,198,274.4,277.4,236.4,81,4,13
13,14,Matt Forte,CHI,RB,25,16,16,0,0,0,0,0,237,1069,4.51,6,70,51,547,10.73,3,3,,9,1,,218,268.6,274.6,243.1,80,10,14
14,15,Michael Turner*,ATL,RB,28,16,15,0,0,0,0,0,334,1371,4.10,12,20,12,85,7.08,0,2,,12,,,218,229.6,232.6,223.6,80,9,15
15,16,Ray Rice,BAL,RB,23,16,14,0,0,0,0,0,307,1220,3.97,5,83,63,556,8.83,1,0,,6,,,214,276.6,282.6,245.1,76,11,16
16,17,Aaron Rodgers,GNB,QB,27,15,15,312,475,3922,28,11,64,356,5.56,4,0,0,0,,0,4,,4,,,306,306.5,323.5,317.5,75,2,17
17,18,Mike Wallace,PIT,WR,24,16,16,0,0,0,0,0,5,39,7.80,0,98,60,1257,20.95,10,1,,10,,,190,249.6,252.6,219.6,72,5,18
18,19,Calvin Johnson*,DET,WR,25,15,15,0,0,0,0,0,4,32,8.00,0,137,77,1120,14.55,12,1,,12,1,,189,266.2,269.2,227.7,72,6,19
19,20,Tom Brady*+,NWE,QB,33,16,16,324,492,3900,36,4,31,30,0.97,1,0,0,0,,0,3,,1,,,301,301.0,308.0,305.0,70,3,20
20,21,Ahmad Bradshaw,NYG,RB,24,16,11,0,0,0,0,0,276,1235,4.47,8,58,47,314,6.68,0,7,,8,1,,205,251.9,257.9,228.4,67,12,21
21,22,Maurice Jones-Drew*,JAX,RB,25,14,14,0,1,0,0,1,299,1324,4.43,5,44,34,317,9.32,2,2,,7,,,204,238.1,245.1,222.1,66,13,22
22,23,Steven Jackson*,STL,RB,27,16,16,0,0,0,0,0,330,1241,3.76,6,62,46,383,8.33,0,1,,6,,,198,244.4,250.4,221.4,60,14,23
23,24,Jason Witten*+,DAL,TE,28,16,16,0,0,0,0,0,0,0,,0,128,94,1002,10.66,9,1,,9,1,,156,250.2,253.2,203.2,60,1,24
24,25,Philip Rivers*,SDG,QB,29,16,16,357,541,4710,30,13,29,52,1.79,0,0,0,0,,0,7,,0,,1,290,289.6,305.6,302.6,58,4,25
25,26,Peyton Manning*,IND,QB,34,16,16,450,679,4700,33,17,18,18,1.00,0,0,0,0,,0,3,,0,,,288,287.8,307.8,304.8,57,5,26
26,27,Reggie Wayne*+,IND,WR,32,16,16,0,0,0,0,0,0,0,,0,175,111,1355,12.21,6,1,,6,,,172,282.5,285.5,227.0,54,7,27
27,28,Hakeem Nicks,NYG,WR,22,13,12,0,0,0,0,0,0,0,,0,128,79,1052,13.32,11,1,,11,,,171,250.2,253.2,210.7,54,8,28
28,29,Andre Johnson*,HOU,WR,29,13,13,0,0,0,0,0,2,10,5.00,0,138,86,1216,14.14,8,1,,8,,,171,256.6,259.6,213.6,53,9,29
29,Rk,Player,Tm,FantPos,Age,G,GS,Cmp,Att,Yds,TD,Int,Att,Yds,Y/A,TD,Tgt,Rec,Yds,Y/R,TD,Fmb,FL,TD,2PM,2PP,FantPt,PPR,DKPt,FDPt,VBD,PosRank,OvRank
30,30,Steve Johnson,BUF,WR,24,16,13,0,0,0,0,0,0,0,,0,141,82,1073,13.09,10,1,,10,,,167,249.3,252.3,208.3,50,10,30
31,31,BenJarvus Green-Ellis,NWE,RB,25,16,11,0,0,0,0,0,229,1008,4.40,13,16,12,85,7.08,0,0,,13,,,187,199.3,202.3,193.3,49,15,31
32,32,Mike Williams,TAM,WR,23,16,16,0,0,0,0,0,0,0,,0,129,65,964,14.83,11,3,,11,,,162,227.4,230.4,194.9,45,11,32
33,33,Miles Austin*,DAL,WR,26,16,16,0,0,0,0,0,7,93,13.29,1,119,69,1041,15.09,7,1,,8,,,161,230.4,233.4,195.9,44,12,33
34,34,Jeremy Maclin,PHI,WR,22,16,16,0,0,0,0,0,3,36,12.00,0,115,70,964,13.77,10,1,,10,,,160,230.0,233.0,195.0,43,13,34
35,35,Drew Brees*,NOR,QB,31,16,16,448,658,4620,33,22,18,-3,-0.17,0,1,1,7,7.00,0,9,,0,,,273,274.2,299.2,295.7,42,6,35
36,36,Antonio Gates*,SDG,TE,30,10,10,0,0,0,0,0,0,0,,0,65,50,782,15.64,10,0,,10,,,138,188.2,191.2,163.2,42,2,36
37,37,Cedric Benson,CIN,RB,28,16,16,0,0,0,0,0,321,1111,3.46,7,37,28,178,6.36,1,7,,8,1,,179,206.9,212.9,192.9,41,16,37
38,38,DeSean Jackson*,PHI,WR,24,14,14,0,0,0,0,0,16,104,6.50,1,95,47,1056,22.47,6,4,,8,,,158,211.0,217.0,187.5,41,14,38
39,39,Vernon Davis,SFO,TE,26,16,16,0,0,0,0,0,0,0,,0,93,56,914,16.32,7,0,,7,1,,135,191.4,194.4,163.4,39,3,39
40,40,Terrell Owens,CIN,WR,37,14,11,0,0,0,0,0,0,0,,0,139,72,983,13.65,9,0,,9,,,152,224.3,227.3,188.3,35,15,40
41,41,Larry Fitzgerald*,ARI,WR,27,16,15,0,0,0,0,0,0,0,,0,173,90,1137,12.63,6,0,,6,1,,152,241.7,244.7,196.7,34,16,41
42,42,Marcedes Lewis*,JAX,TE,26,16,16,0,0,0,0,0,0,0,,0,89,58,700,12.07,10,2,,10,,,130,188.0,191.0,159.0,34,4,42
43,43,Josh Freeman,TAM,QB,22,16,16,291,474,3451,25,6,68,364,5.35,0,0,0,0,,0,7,,0,1,,264,264.4,276.4,270.4,33,7,43
44,44,Mario Manningham,NYG,WR,24,16,8,0,0,0,0,0,1,2,2.00,0,93,60,944,15.73,9,1,,9,,,149,208.6,211.6,178.6,31,17,44
45,45,Santana Moss,WAS,WR,31,16,16,0,0,0,0,0,5,-6,-1.20,0,145,93,1115,11.99,6,3,,6,,,147,239.9,242.9,193.4,30,18,45
46,46,Matt Ryan*,ATL,QB,25,16,16,357,571,3705,28,9,46,122,2.65,0,0,0,0,,0,4,,0,,2,258,258.4,273.4,267.4,27,8,46
47,47,Marques Colston,NOR,WR,27,15,11,0,0,0,0,0,1,1,1.00,0,131,84,1023,12.18,7,0,,7,,,144,228.4,231.4,186.4,27,19,47
48,48,LaDainian Tomlinson,NYJ,RB,31,15,13,0,0,0,0,0,219,914,4.17,6,79,52,368,7.08,0,3,,6,,,164,216.2,222.2,190.2,26,17,48
49,49,Knowshon Moreno,DEN,RB,23,13,13,0,0,0,0,0,182,779,4.28,5,48,37,372,10.05,3,3,,8,,,163,200.1,206.1,181.6,25,18,49
50,50,Mike Tolbert,SDG,RB,25,15,4,0,0,0,0,0,182,735,4.04,11,29,25,216,8.64,0,5,,11,1,,163,188.1,194.1,175.6,25,19,50
51,51,Frank Gore,SFO,RB,27,11,11,0,0,0,0,0,203,853,4.20,3,72,46,452,9.83,2,4,,5,,,161,206.5,212.5,183.5,22,20,51
52,52,Matt Schaub,HOU,QB,29,16,16,365,574,4370,24,12,22,28,1.27,0,0,0,0,,0,9,,0,,1,252,251.6,266.6,263.6,20,9,52
53,53,Rob Gronkowski,NWE,TE,21,16,11,0,0,0,0,0,0,0,,0,59,42,546,13.00,10,1,,10,,,115,156.6,159.6,135.6,18,5,53
54,54,Percy Harvin,MIN,WR,22,14,13,0,0,0,0,0,18,107,5.94,1,109,71,868,12.23,5,1,,7,1,,136,212.5,218.5,177.0,18,20,54
55,55,Fred Jackson,BUF,RB,29,16,13,0,0,0,0,0,222,927,4.18,5,54,31,215,6.94,2,5,,7,,,156,187.2,193.2,171.7,18,21,55
56,56,Braylon Edwards,NYJ,WR,27,16,15,0,0,0,0,0,1,4,4.00,0,101,53,904,17.06,7,1,,7,1,,135,187.8,190.8,161.3,17,21,56
57,57,Kenny Britt,TEN,WR,22,12,7,0,0,0,0,0,0,0,,0,73,42,775,18.45,9,1,,9,1,,134,175.5,178.5,154.5,16,22,57
58,58,Eli Manning,NYG,QB,29,16,16,339,539,4002,31,25,32,70,2.19,0,0,0,0,,0,7,,0,,,241,241.1,269.1,266.1,10,10,58
59,59,Wes Welker*,NWE,WR,29,15,11,0,0,0,0,0,0,0,,0,123,86,848,9.86,7,1,,7,,,127,213.8,215.8,170.8,9,23,59
60,Rk,Player,Tm,FantPos,Age,G,GS,Cmp,Att,Yds,TD,Int,Att,Yds,Y/A,TD,Tgt,Rec,Yds,Y/R,TD,Fmb,FL,TD,2PM,2PP,FantPt,PPR,DKPt,FDPt,VBD,PosRank,OvRank
61,60,Johnny Knox,CHI,WR,24,16,16,0,0,0,0,0,1,2,2.00,0,100,51,960,18.82,5,1,,5,,,126,177.2,180.2,151.7,9,24,60
62,61,Chris Cooley,WAS,TE,28,16,16,0,0,0,0,0,0,0,,0,126,77,849,11.03,3,3,,3,1,,105,181.9,184.9,143.4,9,6,61
63,62,Anquan Boldin,BAL,WR,30,16,16,1,1,-6,0,0,2,2,1.00,0,109,64,837,13.08,7,1,,7,,,126,189.7,192.7,157.7,8,25,62
64,63,Joe Flacco,BAL,QB,25,16,16,306,489,3622,25,10,43,84,1.95,1,0,0,0,,0,9,,1,,,239,239.3,252.3,249.3,8,11,63
65,64,Lance Moore,NOR,WR,27,16,1,0,0,0,0,0,0,0,,0,94,66,763,11.56,8,2,,8,,,124,190.3,193.3,157.3,7,26,64
66,65,Kellen Winslow,TAM,TE,27,16,11,0,0,0,0,0,0,0,,0,98,66,730,11.06,5,1,,5,,,103,169.0,172.0,136.0,7,7,65
67,66,Tony Gonzalez*,ATL,TE,34,16,16,0,0,0,0,0,0,0,,0,108,70,656,9.37,6,0,,6,,,102,171.6,174.6,136.6,5,8,66
68,67,Derrick Mason,BAL,WR,36,16,15,0,0,0,0,0,0,0,,0,100,61,802,13.15,7,0,,7,,,122,183.2,186.2,152.7,5,27,67
69,68,Brandon Jacobs,NYG,RB,28,16,5,0,0,0,0,0,147,823,5.60,9,13,7,59,8.43,0,2,,9,,,142,149.2,152.2,145.7,4,22,68
70,69,Dustin Keller,NYJ,TE,26,16,13,0,0,0,0,0,0,0,,0,100,55,687,12.49,5,0,,5,,,99,153.7,156.7,126.2,3,9,69
71,70,Zach Miller*,OAK,TE,25,15,15,0,0,0,0,0,0,0,,0,92,60,685,11.42,5,1,,5,,,99,158.5,161.5,128.5,2,10,70
72,71,Brandon Marshall,MIA,WR,26,14,14,0,1,0,0,0,2,3,1.50,0,146,86,1014,11.79,3,2,,3,,,120,205.7,208.7,162.7,2,28,71
73,72,Jahvid Best,DET,RB,21,16,9,0,1,0,0,0,171,555,3.25,4,80,58,487,8.40,2,1,,6,,,140,198.2,204.2,169.2,2,23,72
74,73,Aaron Hernandez,NWE,TE,21,14,7,0,0,0,0,0,3,47,15.67,0,64,45,563,12.51,6,0,,6,,,97,142.0,145.0,119.5,1,11,73
75,74,Deion Branch,2TM,WR,31,15,12,0,0,0,0,0,0,0,,0,92,61,818,13.41,6,1,,6,,,118,178.8,181.8,148.3,,29,74
76,75,Marquis Johnson,STL,,22,2,0,0,0,0,0,0,0,0,,0,,0,0,,0,0,,0,,,,,,,,2,75
77,76,LeGarrette Blount,TAM,RB,24,13,7,0,0,0,0,0,201,1007,5.01,6,7,5,14,2.80,0,4,,6,,,138,143.1,146.1,140.6,,24,76
78,77,J.P. Foschi,CIN,,28,2,1,0,0,0,0,0,0,0,,0,,0,0,,0,0,,0,,,,,,,,3,77
79,78,Mike Thomas,JAX,WR,23,16,11,0,0,0,0,0,12,114,9.50,0,102,66,820,12.42,4,3,,5,,,117,189.4,195.4,156.4,,30,78
80,79,Matt Cassel*,KAN,QB,28,15,15,262,450,3116,27,7,33,125,3.79,0,0,0,0,,0,3,,0,,,231,231.1,244.1,238.1,,12,
81,80,Carson Palmer,CIN,QB,31,16,16,362,586,3970,26,20,32,50,1.56,0,0,0,0,,0,7,,0,,1,230,229.8,252.8,249.8,,13,
82,81,David Garrard,JAX,QB,32,14,14,236,366,2734,23,15,66,279,4.23,5,0,0,0,,0,11,,5,,,229,229.3,250.3,244.3,,14,
83,82,Jay Cutler,CHI,QB,27,15,15,261,432,3274,23,16,50,232,4.64,1,0,0,0,,0,10,,1,,1,222,222.2,244.2,238.2,,15,
84,83,Kyle Orton,DEN,QB,28,13,13,293,498,3653,20,9,22,98,4.45,0,0,0,0,,0,4,,0,,,218,217.9,229.9,226.9,,16,
85,84,Ben Roethlisberger,PIT,QB,28,12,12,240,389,3200,17,5,34,176,5.18,2,0,0,0,,0,6,,2,,,216,215.6,226.6,220.6,,17,
86,85,Ryan Fitzpatrick,BUF,QB,28,13,13,255,441,3000,23,15,40,269,6.73,0,0,0,0,,0,8,,0,,,209,208.9,229.9,223.9,,18,
87,86,Mark Sanchez,NYJ,QB,24,16,16,278,507,3291,17,13,30,105,3.50,3,0,0,0,,0,9,,3,,1,204,204.1,223.1,217.1,,19,
88,87,Sam Bradford,STL,QB,23,16,16,354,590,3512,18,15,27,63,2.33,1,0,0,0,,0,7,,1,,,195,194.8,212.8,209.8,,20,
89,88,Donovan McNabb,WAS,QB,34,13,13,275,472,3377,14,15,29,151,5.21,0,0,0,0,,0,10,,0,,,176,176.2,197.2,191.2,,21,
90,89,Shaun Hill,DET,QB,30,11,10,257,416,2686,16,12,22,123,5.59,0,0,0,0,,0,3,,0,,1,162,161.7,179.7,173.7,,22,
91,Rk,Player,Tm,FantPos,Age,G,GS,Cmp,Att,Yds,TD,Int,Att,Yds,Y/A,TD,Tgt,Rec,Yds,Y/R,TD,Fmb,FL,TD,2PM,2PP,FantPt,PPR,DKPt,FDPt,VBD,PosRank,OvRank
92,90,Jason Campbell,OAK,QB,29,13,12,194,329,2387,13,8,47,222,4.72,1,0,0,0,,0,9,,1,,,160,159.7,173.7,167.7,,23,
93,91,Chad Henne,MIA,QB,25,15,14,301,490,3301,15,19,35,52,1.49,0,0,0,0,,0,5,,0,,,159,159.2,181.2,178.2,,25,
94,92,Jon Kitna,DAL,QB,38,10,9,209,318,2365,16,12,31,147,4.74,1,0,0,0,,0,6,,1,,2,159,159.3,177.3,171.3,,24,
95,93,Matt Hasselbeck,SEA,QB,35,14,14,266,444,3001,12,17,23,60,2.61,3,0,0,0,,0,7,,3,,,158,158.0,178.0,175.0,,26,
96,94,Alex Smith,SFO,QB,26,11,10,204,342,2370,14,10,18,60,3.33,0,0,0,0,,0,4,,0,,1,139,138.8,151.8,148.8,,27,
97,95,Thomas Jones,KAN,RB,32,16,10,0,0,0,0,0,245,896,3.66,6,20,14,122,8.71,0,3,,6,,,138,151.8,157.8,144.8,,25,
98,96,Felix Jones,DAL,RB,23,16,7,0,0,0,0,0,185,800,4.32,1,52,48,450,9.38,1,2,,2,,,137,185.0,191.0,161.0,,26,
99,97,Michael Bush,OAK,RB,26,14,3,0,0,0,0,0,158,655,4.15,8,24,18,194,10.78,0,0,,8,,,133,150.9,156.9,141.9,,27,
100,98,Brandon Jackson,GNB,RB,25,16,13,0,0,0,0,0,190,703,3.70,3,50,43,342,7.95,1,1,,4,,,129,171.5,177.5,150.0,,29,
101,99,Danny Woodhead,2TM,RB,25,15,3,0,0,0,0,0,97,547,5.64,5,44,34,379,11.15,1,1,,6,,,129,162.6,168.6,145.6,,28,
102,100,Ronnie Brown,MIA,RB,29,16,16,0,2,0,0,0,200,734,3.67,5,43,33,242,7.33,0,3,,5,,,128,160.6,166.6,144.1,,30,
103,101,Marshawn Lynch,2TM,RB,24,16,14,0,0,0,0,0,202,737,3.65,6,26,22,145,6.59,0,4,,6,,,124,146.2,152.2,135.2,,32,
104,102,Ryan Mathews,SDG,RB,23,12,9,0,0,0,0,0,158,678,4.29,7,26,22,145,6.59,0,5,,7,,,124,146.3,152.3,135.3,,31,
105,103,Ryan Torain,WAS,RB,24,10,8,0,0,0,0,0,164,742,4.52,4,27,18,125,6.94,2,2,,6,,,123,140.7,146.7,131.7,,33,
106,104,Tim Hightower,ARI,RB,24,16,13,0,0,0,0,0,153,736,4.81,5,42,21,136,6.48,0,5,,5,,,117,138.2,144.2,127.7,,34,
107,105,Kerry Collins,TEN,QB,38,10,7,160,278,1823,14,8,10,1,0.10,0,0,0,0,,0,5,,0,,1,115,115.0,126.0,123.0,,28,
108,106,Pierre Garcon,IND,WR,24,14,14,0,0,0,0,0,2,6,3.00,0,119,67,784,11.70,6,0,,6,,,115,182.0,185.0,148.5,,31,
109,107,Austin Collie,IND,WR,25,9,6,0,0,0,0,0,0,0,,0,71,58,649,11.19,8,1,,8,,,113,170.9,173.9,141.9,,32,
110,108,Davone Bess,MIA,WR,25,16,8,0,0,0,0,0,2,-3,-1.50,0,125,79,820,10.38,5,3,,5,,,112,190.7,193.7,151.2,,34,
111,109,Santonio Holmes,NYJ,WR,26,12,10,0,0,0,0,0,2,17,8.50,0,96,52,746,14.35,6,2,,6,,,112,164.3,167.3,138.3,,33,
112,110,Michael Crabtree,SFO,WR,23,16,15,0,0,0,0,0,0,0,,0,101,55,741,13.47,6,0,,6,,,110,165.1,168.1,137.6,,35,
113,111,Malcom Floyd,SDG,WR,29,11,9,0,0,0,0,0,0,0,,0,77,37,717,19.38,6,1,,6,,,108,144.7,147.7,126.2,,36,
114,112,Nate Burleson,DET,WR,29,14,14,0,0,0,0,0,7,81,11.57,0,86,55,625,11.36,6,2,,6,,,107,161.6,164.6,134.1,,38,
115,113,Brett Favre,MIN,QB,41,13,13,217,358,2509,11,19,17,8,0.47,0,0,0,0,,0,7,,0,,,107,107.2,129.2,126.2,,29,
116,114,Chad Johnson,CIN,,32,14,12,0,1,0,0,0,0,0,,0,126,67,831,12.40,4,0,,4,,,107,174.1,177.1,140.6,,37,
117,115,Anthony Armstrong,WAS,WR,27,15,11,0,0,0,0,0,0,0,,0,86,44,871,19.80,3,1,,3,,,105,149.1,152.1,127.1,,40,
118,116,Jonathan Stewart,CAR,RB,23,14,7,0,0,0,0,0,178,770,4.33,2,14,8,103,12.88,1,4,,3,,,105,113.3,119.3,109.3,,35,
119,117,Hines Ward,PIT,WR,34,16,15,0,0,0,0,0,1,-2,-2.00,0,95,59,755,12.80,5,1,,5,,,105,164.3,167.3,134.8,,39,
120,118,Nate Washington,TEN,WR,27,16,16,0,0,0,0,0,1,-8,-8.00,0,94,42,687,16.36,6,0,,6,,,104,145.9,148.9,124.9,,41,
121,119,Chris Ivory,NOR,RB,22,12,4,0,0,0,0,0,137,716,5.23,5,1,1,17,17.00,0,4,,5,,,103,104.3,107.3,103.8,,36,
122,Rk,Player,Tm,FantPos,Age,G,GS,Cmp,Att,Yds,TD,Int,Att,Yds,Y/A,TD,Tgt,Rec,Yds,Y/R,TD,Fmb,FL,TD,2PM,2PP,FantPt,PPR,DKPt,FDPt,VBD,PosRank,OvRank
123,120,Shonn Greene,NYJ,RB,25,15,2,0,0,0,0,0,185,766,4.14,2,24,16,120,7.50,0,3,,2,,,101,116.6,122.6,108.6,,37,
124,121,Jabar Gaffney,DEN,WR,30,16,11,0,0,0,0,0,0,0,,0,112,65,875,13.46,2,1,,2,,,100,164.5,167.5,132.0,,42,
125,122,Tony Romo,DAL,QB,30,6,6,148,213,1605,11,7,6,38,6.33,0,0,0,11,,0,0,,0,,,99,99.1,109.1,106.1,,30,
126,123,Tim Tebow,DEN,QB,23,9,3,41,82,654,5,3,43,227,5.28,6,0,0,0,,0,1,,6,,,99,98.9,107.9,101.9,,31,
127,124,Ricky Williams,MIA,RB,33,16,0,0,0,0,0,0,159,673,4.23,2,30,19,141,7.42,1,4,,3,,,99,118.4,124.4,108.9,,38,
128,125,James Jones,GNB,WR,26,16,3,0,0,0,0,0,0,0,,0,87,50,679,13.58,5,3,,5,,,98,147.9,150.9,122.9,,44,
129,126,Mike Sims-Walker,JAX,WR,26,14,13,0,0,0,0,0,0,0,,0,80,43,562,13.07,7,1,,7,,,98,141.2,144.2,119.7,,43,
130,127,Cadillac Williams,TAM,RB,28,16,9,0,0,0,0,0,125,437,3.50,2,64,46,355,7.72,1,1,,3,,,97,143.2,149.2,120.2,,39,
131,128,Vince Young,TEN,QB,27,9,8,93,156,1255,10,3,25,125,5.00,0,0,0,0,,0,6,,0,,,97,96.7,105.7,99.7,,32,
132,129,Brandon Pettigrew,DET,TE,25,16,16,0,0,0,0,0,0,0,,0,111,71,722,10.17,4,0,,4,,,96,167.2,170.2,131.7,,12,
133,130,Danny Amendola,STL,WR,25,16,6,0,0,0,0,0,7,81,11.57,0,123,85,689,8.11,3,2,,3,,,95,180.0,183.0,137.5,,46,
134,131,Derek Anderson,ARI,QB,27,12,9,169,327,2065,7,10,5,25,5.00,0,0,0,0,,0,6,,0,,1,95,95.1,108.1,105.1,,33,
135,132,Robert Meachem,NOR,WR,26,16,7,0,0,0,0,0,4,14,3.50,0,66,44,638,14.50,5,0,,5,,,95,139.2,142.2,117.2,,45,
136,133,Mike Goodson,CAR,RB,23,16,3,0,0,0,0,0,103,452,4.39,3,57,40,310,7.75,0,5,,3,,,94,134.2,140.2,114.2,,40,
137,134,Ben Watson,CLE,TE,30,16,16,0,0,0,0,0,1,-1,-1.00,0,102,68,763,11.22,3,0,,3,,,94,162.2,165.2,128.2,,13,
138,135,Jason Snelling,ATL,RB,27,14,0,0,0,0,0,0,87,324,3.72,2,51,44,303,6.89,3,2,,5,,,93,136.7,142.7,114.7,,41,
139,136,Dez Bryant,DAL,WR,22,12,2,0,0,0,0,0,1,0,0.00,0,73,45,561,12.47,6,2,,8,,,92,149.1,152.1,126.6,,48,
140,137,Rashad Jennings,JAX,RB,25,13,3,0,0,0,0,0,84,459,5.46,4,35,26,223,8.58,0,0,,4,,,92,118.2,124.2,105.2,,42,
141,138,Kevin Walter,HOU,WR,29,16,16,0,0,0,0,0,0,0,,0,80,51,621,12.18,5,0,,5,,,92,143.1,146.1,117.6,,47,
142,139,Darren Sproles,SDG,RB,27,16,3,0,0,0,0,0,50,267,5.34,0,75,59,520,8.81,2,3,,2,,,91,149.7,155.7,120.2,,43,
143,140,Justin Forsett,SEA,RB,25,16,5,0,0,0,0,0,118,523,4.43,2,51,33,252,7.64,0,0,,2,,,90,122.5,128.5,106.0,,44,
144,141,Todd Heap,BAL,TE,30,13,13,0,0,0,0,0,0,0,,0,64,40,599,14.98,5,1,,5,,,90,129.9,132.9,109.9,,14,
145,142,Colt McCoy,CLE,QB,24,8,8,135,222,1576,6,9,28,136,4.86,1,1,1,13,13.00,0,1,,1,,,90,90.9,105.9,99.4,,34,
146,143,Jacoby Ford,OAK,WR,23,16,9,0,0,0,0,0,10,155,15.50,2,54,25,470,18.80,2,3,,7,,,87,129.5,135.5,117.0,,51,
147,144,Eddie Royal,DEN,WR,24,16,10,0,0,0,0,0,6,61,10.17,0,105,59,627,10.63,3,4,,3,,,87,145.8,148.8,116.3,,50,
148,145,Jacob Tamme,IND,RB,25,16,8,0,0,0,0,0,0,0,,0,93,67,631,9.42,4,0,,4,,,87,154.1,157.1,120.6,,45,
149,146,Keiland Williams,WAS,RB,24,15,3,0,0,0,0,0,65,261,4.02,3,58,39,309,7.92,2,1,,5,,,87,126.0,132.0,106.5,,46,
150,147,Mike Williams,SEA,WR,26,14,13,0,0,0,0,0,1,0,0.00,0,110,65,751,11.55,2,0,,2,,,87,152.1,155.1,119.6,,49,
151,148,Joseph Addai,IND,RB,27,8,7,0,0,0,0,0,116,495,4.27,4,26,19,124,6.53,0,2,,4,,,86,104.9,110.9,95.4,,47,
152,149,Roy Williams,DAL,WR,29,15,9,0,0,0,0,0,0,0,,0,64,37,530,14.32,5,3,,5,1,,85,122.0,125.0,103.5,,52,
153,Rk,Player,Tm,FantPos,Age,G,GS,Cmp,Att,Yds,TD,Int,Att,Yds,Y/A,TD,Tgt,Rec,Yds,Y/R,TD,Fmb,FL,TD,2PM,2PP,FantPt,PPR,DKPt,FDPt,VBD,PosRank,OvRank
154,150,Josh Morgan,SFO,WR,25,16,11,0,0,0,0,0,2,17,8.50,0,80,44,698,15.86,2,2,,2,,,84,127.5,130.5,105.5,,53,
155,151,Kevin Boss,NYG,TE,26,15,13,0,0,0,0,0,0,0,,0,70,35,531,15.17,5,1,,5,,,83,118.1,121.1,100.6,,15,
156,152,Steve Breaston,ARI,WR,27,13,11,1,2,17,0,0,3,35,11.67,0,87,47,718,15.28,1,0,,2,,,82,129.0,138.0,111.5,,54,
157,153,Donald Brown,IND,RB,23,13,8,0,0,0,0,0,129,497,3.85,2,28,20,205,10.25,0,0,,2,,,82,102.2,108.2,92.2,,48,
158,154,Lee Evans,BUF,WR,29,13,13,0,0,0,0,0,0,0,,0,84,37,578,15.62,4,2,,4,,,82,118.8,121.8,100.3,,55,
159,155,Donald Driver,GNB,WR,35,15,15,0,0,0,0,0,0,0,,0,85,51,565,11.08,4,1,,4,,,81,131.5,134.5,106.0,,56,
160,156,Maurice Morris,DET,RB,31,14,7,0,0,0,0,0,90,336,3.73,5,31,25,170,6.80,0,1,,5,,,81,105.6,111.6,93.1,,49,
161,157,Willis McGahee,BAL,RB,29,15,2,0,0,0,0,0,100,380,3.80,5,17,14,55,3.93,1,2,,6,,,80,93.5,96.5,86.5,,50,
162,158,Ben Obomanu,SEA,WR,27,15,6,0,0,0,0,0,2,17,8.50,0,49,30,494,16.47,4,0,,4,2,,79,109.1,112.1,94.1,,57,
163,159,Brian Westbrook,SFO,RB,31,14,5,0,0,0,0,0,77,340,4.42,4,24,16,150,9.38,1,0,,5,,,79,95.0,101.0,87.0,,51,
164,160,Jordan Shipley,CIN,WR,25,15,4,0,0,0,0,0,0,0,,0,74,52,600,11.54,3,0,,3,,,78,130.0,133.0,104.0,,58,
165,161,Anthony Fasano,MIA,TE,26,15,15,0,0,0,0,0,0,0,,0,60,39,528,13.54,4,0,,4,,,77,115.8,118.8,96.3,,16,
166,162,Brandon Gibson,STL,WR,23,14,12,0,0,0,0,0,3,28,9.33,0,91,53,620,11.70,2,0,,2,,,77,129.8,132.8,103.3,,61,
167,163,Jacoby Jones,HOU,WR,26,15,7,0,0,0,0,0,2,7,3.50,0,78,51,562,11.02,3,1,,3,1,,77,127.9,130.9,102.4,,60,
168,164,Louis Murphy,OAK,WR,23,14,9,0,0,0,0,0,1,43,43.00,0,78,41,609,14.85,2,2,,2,,,77,118.2,121.2,97.7,,59,
169,165,Troy Smith,SFO,QB,26,6,6,73,145,1176,5,4,23,121,5.26,1,0,0,0,,0,6,,1,,,77,77.1,87.1,81.1,,35,
170,166,Joel Dreessen,HOU,TE,28,16,10,0,0,0,0,0,0,0,,0,55,36,518,14.39,4,1,,4,,,76,111.8,114.8,93.8,,17,
171,167,Earl Bennett,CHI,WR,23,14,3,0,0,0,0,0,2,9,4.50,0,71,46,561,12.20,3,1,,3,,,75,121.0,124.0,98.0,,62,
172,168,Brent Celek,PHI,TE,25,16,15,0,0,0,0,0,0,0,,0,79,42,511,12.17,4,0,,4,,,75,117.1,120.1,96.1,,18,
173,169,Devin Hester*+,CHI,WR,28,16,13,0,0,0,0,0,7,30,4.29,0,73,40,475,11.88,4,0,,7,,,75,132.5,135.5,112.5,,63,
174,170,John Kuhn,GNB,RB,28,16,2,0,0,0,0,0,84,281,3.35,4,18,15,97,6.47,2,1,,6,,,74,88.8,91.8,81.3,,52,
175,171,Tony Moeaki,KAN,TE,23,15,15,0,0,0,0,0,0,0,,0,73,47,556,11.83,3,0,,3,,,74,120.6,123.6,97.1,,19,
176,172,Jermaine Gresham,CIN,TE,22,15,10,0,0,0,0,0,0,0,,0,83,52,471,9.06,4,2,,4,1,,73,125.1,128.1,99.1,,20,
177,173,Steve Smith,NYG,WR,25,9,7,0,0,0,0,0,0,0,,0,75,48,529,11.02,3,0,,3,,,71,118.9,121.9,94.9,,64,
178,174,Brian Hartline,MIA,WR,24,12,11,0,0,0,0,0,2,27,13.50,0,73,43,615,14.30,1,1,,1,,,70,113.2,116.2,91.7,,66,
179,175,Jordy Nelson,GNB,WR,25,16,4,0,0,0,0,0,0,0,,0,64,45,582,12.93,2,3,,2,,,70,115.2,118.2,92.7,,65,
180,176,Greg Olsen,CHI,TE,25,16,13,0,0,0,0,0,0,0,,0,70,41,404,9.85,5,2,,5,,,70,111.4,114.4,90.9,,21,
181,177,Marcel Reece,OAK,RB,25,16,10,0,0,0,0,0,30,122,4.07,1,43,25,333,13.32,3,1,,4,,,70,94.5,100.5,82.0,,53,
182,178,David Gettis,CAR,WR,23,15,13,0,0,0,0,0,3,2,0.67,0,67,37,508,13.73,3,1,,3,,,69,106.0,109.0,87.5,,68,
183,179,Randy Moss,3TM,WR,33,16,11,0,0,0,0,0,0,0,,0,63,28,393,14.04,5,0,,5,,,69,97.3,100.3,83.3,,67,
184,Rk,Player,Tm,FantPos,Age,G,GS,Cmp,Att,Yds,TD,Int,Att,Yds,Y/A,TD,Tgt,Rec,Yds,Y/R,TD,Fmb,FL,TD,2PM,2PP,FantPt,PPR,DKPt,FDPt,VBD,PosRank,OvRank
185,180,Kevin Kolb,PHI,QB,26,7,5,115,189,1197,7,7,15,65,4.33,0,0,0,0,,0,6,,0,,,68,68.4,78.4,75.4,,36,
186,181,Steve Smith,CAR,WR,31,14,14,0,0,0,0,0,1,9,9.00,0,100,46,554,12.04,2,3,,2,,,68,114.3,117.3,91.3,,69,
187,182,Brandon Tate,NWE,WR,23,16,10,0,0,0,0,0,5,62,12.40,0,46,24,432,18.00,3,1,,5,,,67,103.4,106.4,91.4,,70,
188,183,Marion Barber,DAL,RB,27,13,10,0,1,0,0,0,113,374,3.31,4,16,11,49,4.45,0,0,,4,,,66,77.3,80.3,71.8,,54,
189,184,Jimmy Graham,NOR,TE,24,15,5,0,0,0,0,0,1,3,3.00,0,44,31,356,11.48,5,1,,5,,,66,96.9,99.9,81.4,,22,
190,185,Blair White,IND,WR,23,13,4,0,0,0,0,0,0,0,,0,57,36,355,9.86,5,1,,5,,,66,101.5,104.5,83.5,,71,
191,186,Jason Avant,PHI,WR,27,16,3,0,0,0,0,0,0,0,,0,76,51,573,11.24,1,0,,1,1,,65,116.3,119.3,90.8,,72,
192,187,Mohamed Massaquoi,CLE,WR,24,15,14,1,1,29,1,0,1,-3,-3.00,0,73,36,483,13.42,2,1,,2,,,65,101.2,104.2,83.2,,73,
193,188,Visanthe Shiancoe,MIN,TE,30,16,9,0,0,0,0,0,0,0,,0,79,47,530,11.28,2,0,,2,,,65,112.0,115.0,88.5,,23,
194,189,Correll Buckhalter,DEN,RB,32,15,0,0,0,0,0,0,59,147,2.49,2,39,28,240,8.57,2,1,,4,,,63,90.7,96.7,76.7,,55,
195,190,Deon Butler,SEA,WR,24,13,8,0,0,0,0,0,2,6,3.00,0,70,36,385,10.69,4,0,,4,,,63,99.1,102.1,81.1,,74,
196,191,Michael Jenkins,ATL,WR,28,11,9,0,0,0,0,0,0,0,,0,73,41,505,12.32,2,0,,2,,,63,103.5,106.5,83.0,,75,
197,192,Heath Miller,PIT,TE,28,14,14,0,0,0,0,0,0,0,,0,67,42,512,12.19,2,1,,2,,,63,105.2,108.2,84.2,,24,
198,193,Jimmy Clausen,CAR,QB,23,13,10,157,299,1558,3,9,23,57,2.48,0,0,0,0,,0,9,,0,,,62,62.0,74.0,71.0,,37,
199,194,Derrick Ward,HOU,RB,30,16,0,0,0,0,0,0,50,315,6.30,4,11,7,61,8.71,0,0,,4,,,62,68.6,71.6,65.1,,56,
200,195,Rex Grossman,WAS,QB,30,4,3,74,133,884,7,4,3,6,2.00,0,0,0,0,,0,4,,0,,2,60,60.0,67.0,64.0,,38,
201,196,Owen Daniels,HOU,TE,28,11,10,0,0,0,0,0,0,0,,0,68,38,471,12.39,2,0,,2,,,59,97.1,100.1,78.1,,25,
202,197,Brandon LaFell,CAR,WR,24,14,2,0,1,0,0,0,1,60,60.00,0,77,38,468,12.32,1,0,,1,,,59,96.8,99.8,77.8,,76,
203,198,Jeremy Shockey,NOR,TE,30,13,11,0,0,0,0,0,0,0,,0,59,41,408,9.95,3,0,,3,,,59,99.8,102.8,79.3,,26,
204,199,Drew Stanton,DET,QB,26,6,3,69,119,780,4,3,18,113,6.28,1,0,0,0,,0,3,,1,,,59,58.5,67.5,61.5,,39,
205,200,Chester Taylor,CHI,RB,31,16,1,0,0,0,0,0,112,267,2.38,3,26,20,139,6.95,0,0,,3,,,59,78.6,84.6,68.6,,59,
206,201,Pierre Thomas,NOR,RB,26,6,3,0,0,0,0,0,83,269,3.24,2,29,29,201,6.93,0,0,,2,,,59,88.0,94.0,73.5,,58,
207,202,Beanie Wells,ARI,RB,22,13,2,0,0,0,0,0,116,397,3.42,2,8,5,74,14.80,0,1,,2,,,59,64.1,67.1,61.6,,57,
208,203,T.J. Houshmandzadeh,BAL,WR,33,16,2,0,0,0,0,0,0,0,,0,57,30,398,13.27,3,1,,3,,,58,87.8,90.8,72.8,,77,
209,204,Patrick Crayton,SDG,WR,31,9,2,0,1,0,0,0,0,0,,0,42,28,514,18.36,1,0,,1,,,57,85.4,88.4,71.4,,78,
210,205,Bo Scaife,TEN,TE,29,14,13,0,0,0,0,0,0,0,,0,52,36,318,8.83,4,2,,4,,,56,91.8,94.8,73.8,,27,
211,206,Arrelious Benn,TAM,WR,22,15,9,0,0,0,0,0,6,35,5.83,0,38,25,395,15.80,2,1,,2,,,55,80.0,83.0,67.5,,79,
212,207,Jerricho Cotchery,NYJ,WR,28,14,5,0,0,0,0,0,4,-3,-0.75,0,86,41,433,10.56,2,1,,2,,,55,96.0,99.0,75.5,,80,
213,208,Toby Gerhart,MIN,RB,23,15,1,0,0,0,0,0,81,322,3.98,1,29,21,167,7.95,0,3,,1,,,55,75.9,81.9,65.4,,60,
214,209,Javarris James,IND,RB,23,10,0,0,0,0,0,0,46,112,2.43,6,11,9,63,7.00,0,1,,6,,,54,62.5,65.5,58.0,,61,
215,Rk,Player,Tm,FantPos,Age,G,GS,Cmp,Att,Yds,TD,Int,Att,Yds,Y/A,TD,Tgt,Rec,Yds,Y/R,TD,Fmb,FL,TD,2PM,2PP,FantPt,PPR,DKPt,FDPt,VBD,PosRank,OvRank
216,210,Roscoe Parrish,BUF,WR,28,8,6,0,0,0,0,0,3,23,7.67,0,53,33,400,12.12,2,1,,2,,,54,87.3,90.3,70.8,,81,
217,211,Tashard Choice,DAL,RB,26,16,0,0,0,0,0,0,66,243,3.68,3,22,17,109,6.41,0,1,,3,,,53,70.2,76.2,61.7,,62,
218,212,Dallas Clark,IND,TE,31,6,6,0,0,0,0,0,0,0,,0,53,37,347,9.38,3,0,,3,,,53,89.7,92.7,71.2,,28,
219,213,Devery Henderson,NOR,WR,28,16,11,0,0,0,0,0,3,8,2.67,0,59,34,464,13.65,1,0,,1,,,53,87.2,90.2,70.2,,83,
220,214,David Nelson,BUF,WR,24,15,3,0,0,0,0,0,0,0,,0,47,31,353,11.39,3,0,,3,,,53,84.3,87.3,68.8,,82,
221,215,Matthew Stafford,DET,QB,22,3,3,57,96,535,6,1,4,11,2.75,1,0,0,0,,0,2,,1,,1,53,52.5,56.5,53.5,,40,
222,216,Bruce Gradkowski,OAK,QB,27,6,4,83,157,1059,5,7,12,41,3.42,0,0,0,0,,0,3,,0,,,52,52.5,62.5,59.5,,41,
223,217,Daniel Fells,STL,TE,27,16,6,0,0,0,0,0,0,0,,0,65,41,391,9.54,2,0,,2,,,51,92.1,95.1,71.6,,29,
224,218,Fred Davis,WAS,TE,24,16,9,0,0,0,0,0,0,0,,0,30,21,316,15.05,3,0,,3,,,50,70.6,73.6,60.1,,30,
225,219,Emmanuel Sanders,PIT,WR,23,13,1,0,0,0,0,0,0,0,,0,50,28,376,13.43,2,2,,2,,,50,77.6,80.6,63.6,,84,
226,220,C.J. Spiller,BUF,RB,23,14,1,0,0,0,0,0,74,283,3.82,0,30,24,157,6.54,1,5,,2,,,50,80.0,86.0,68.0,,63,
227,221,Brian Robiskie,CLE,WR,23,14,11,0,0,0,0,0,0,0,,0,49,29,310,10.69,3,0,,3,,,49,78.0,81.0,63.5,,85,
228,222,Jerome Harrison,2TM,RB,27,12,2,0,0,0,0,0,71,330,4.65,1,13,12,85,7.08,0,2,,1,,,48,59.5,62.5,53.5,,65,
229,223,DeAngelo Williams,CAR,RB,27,6,6,0,0,0,0,0,87,361,4.15,1,13,11,61,5.55,0,1,,1,,,48,59.2,62.2,53.7,,64,
230,224,Darrius Heyward-Bey,OAK,WR,23,15,14,0,0,0,0,0,4,48,12.00,0,65,26,366,14.08,1,1,,1,,,47,73.4,76.4,60.4,,86,
231,225,Jerome Simpson,CIN,WR,24,5,3,0,0,0,0,0,1,2,2.00,0,25,20,277,13.85,3,2,,3,,,46,65.9,68.9,55.9,,87,
232,226,Legedu Naanee,SDG,WR,27,10,9,0,0,0,0,0,3,-2,-0.67,0,46,23,371,16.13,1,1,,1,1,,45,67.9,70.9,56.4,,89,
233,227,Laurent Robinson,STL,WR,25,14,11,0,0,0,0,0,2,-14,-7.00,0,75,34,344,10.12,2,0,,2,,,45,79.0,82.0,62.0,,88,
234,228,Brad Smith,NYJ,WR,27,16,2,2,3,6,1,0,38,299,7.87,1,7,4,44,11.00,0,1,,3,,,45,60.5,63.5,58.5,,90,
235,229,Vincent Jackson,SDG,WR,27,5,5,0,0,0,0,0,1,14,14.00,0,24,14,248,17.71,3,0,,3,,,44,58.2,61.2,51.2,,91,
236,230,Isaac Redman,PIT,RB,26,16,0,0,0,0,0,0,52,247,4.75,0,10,9,72,8.00,2,2,,2,,,44,52.9,55.9,48.4,,66,
237,231,Tony Scheffler,DET,TE,27,15,4,0,0,0,0,0,0,0,,0,72,45,378,8.40,1,1,,1,,,44,88.8,91.8,66.3,,31,
238,232,Mark Clayton,STL,WR,28,5,5,0,0,0,0,0,1,6,6.00,0,42,23,306,13.30,2,0,,2,,,43,66.2,69.2,54.7,,92,
239,233,Josh Cribbs,CLE,WR,27,15,5,2,3,19,0,0,20,66,3.30,0,39,23,292,12.70,1,7,,1,,,43,65.6,68.6,54.1,,94,
240,234,Andre Roberts,ARI,WR,22,15,2,0,0,0,0,0,0,0,,0,49,24,307,12.79,2,2,,2,,,43,66.7,69.7,54.7,,93,
241,235,Reggie Bush,NOR,RB,25,8,6,0,0,0,0,0,36,150,4.17,0,42,34,208,6.12,1,2,,1,,,42,75.8,81.8,58.8,,68,
242,236,Jared Cook,TEN,TE,23,16,1,0,0,0,0,0,0,0,,0,45,29,361,12.45,1,0,,1,,,42,71.1,74.1,56.6,,32,
243,237,Bernard Scott,CIN,RB,26,16,0,0,0,0,0,0,61,299,4.90,1,13,11,60,5.45,0,2,,1,,,42,52.9,55.9,47.4,,67,
244,238,Chansi Stuckey,CLE,WR,27,16,5,0,0,0,0,0,3,9,3.00,1,63,40,346,8.65,0,3,,1,,,42,81.5,84.5,61.5,,95,
245,239,Seneca Wallace,CLE,QB,30,8,4,64,101,694,4,2,7,9,1.29,0,1,1,9,9.00,0,1,,0,,,42,42.6,47.6,44.1,,42,
246,Rk,Player,Tm,FantPos,Age,G,GS,Cmp,Att,Yds,TD,Int,Att,Yds,Y/A,TD,Tgt,Rec,Yds,Y/R,TD,Fmb,FL,TD,2PM,2PP,FantPt,PPR,DKPt,FDPt,VBD,PosRank,OvRank
247,240,Ladell Betts,NOR,RB,31,8,1,0,0,0,0,0,45,150,3.33,2,31,23,141,6.13,0,1,,2,,,41,64.1,70.1,52.6,,69,
248,241,Clinton Portis,WAS,RB,29,5,5,0,0,0,0,0,54,227,4.20,2,9,5,55,11.00,0,0,,2,,,40,45.2,48.2,42.7,,71,
249,242,Sidney Rice,MIN,WR,24,6,5,0,0,0,0,0,0,0,,0,42,17,280,16.47,2,0,,2,,,40,57.0,60.0,48.5,,97,
250,243,Javon Ringer,TEN,RB,23,16,0,0,0,0,0,0,51,239,4.69,2,8,7,44,6.29,0,0,,2,,,40,47.3,50.3,43.8,,70,
251,244,Demaryius Thomas,DEN,WR,23,10,2,0,0,0,0,0,2,1,0.50,0,39,22,283,12.86,2,3,,2,,,40,62.4,65.4,51.4,,96,
252,245,Earnest Graham,TAM,RB,30,12,7,1,1,2,1,0,20,99,4.95,1,19,16,130,8.13,1,1,,2,,,39,55.0,58.0,47.0,,72,
253,246,Seyi Ajirotutu,SDG,WR,23,10,0,0,0,0,0,0,0,0,,0,23,13,262,20.15,2,0,,2,,,38,51.2,54.2,44.7,,98,
254,247,John Carlson,SEA,TE,26,15,13,0,0,0,0,0,0,0,,0,58,31,318,10.26,1,0,,1,,,38,68.8,71.8,53.3,,34,
255,248,Evan Moore,CLE,TE,25,12,4,0,0,0,0,0,0,0,,0,26,16,322,20.13,1,1,,1,,,38,54.2,57.2,46.2,,33,
256,249,Danario Alexander,STL,WR,24,8,2,0,0,0,0,0,0,0,,0,37,20,306,15.30,1,0,,1,,,37,56.6,59.6,46.6,,101,
257,250,Anthony Dixon,SFO,RB,23,16,0,0,0,0,0,0,70,237,3.39,2,5,5,11,2.20,0,0,,2,,,37,41.8,44.8,39.3,,73,
258,251,Matt Moore,CAR,QB,26,6,5,79,143,857,5,10,5,25,5.00,0,0,0,0,,0,4,,0,,,37,36.8,49.8,46.8,,44,
259,252,Antwaan Randle El,PIT,WR,31,16,0,2,2,42,2,0,1,2,2.00,0,39,22,253,11.50,0,2,,0,,,37,57.2,60.2,46.2,,99,
260,253,Micheal Spurlock,TAM,WR,27,16,1,0,3,0,0,0,0,0,,0,33,17,250,14.71,2,2,,3,,,37,60.0,63.0,51.5,,100,
261,254,Joe Webb,MIN,QB,24,5,2,54,89,477,0,3,18,120,6.67,2,0,0,0,,0,1,,2,,,37,37.1,46.1,40.1,,43,
262,255,Charlie Whitehurst,SEA,QB,28,6,2,57,99,507,2,3,20,43,2.15,1,0,0,0,,0,2,,1,,2,37,36.6,42.6,39.6,,45,
263,256,Early Doucet,ARI,WR,25,10,5,0,0,0,0,0,2,5,2.50,0,59,26,291,11.19,1,0,,1,,,36,61.6,64.6,48.6,,102,
264,257,Jermichael Finley,GNB,TE,23,5,5,0,0,0,0,0,0,0,,0,26,21,301,14.33,1,0,,1,,,36,57.1,60.1,46.6,,35,
265,258,Kenneth Darby,STL,RB,28,14,0,0,0,0,0,0,34,107,3.15,2,13,10,61,6.10,1,0,,3,,,35,44.8,47.8,39.8,,74,
266,259,Harry Douglas,ATL,WR,26,16,4,0,0,0,0,0,2,-5,-2.50,0,53,22,294,13.36,1,0,,1,,,35,56.9,59.9,45.9,,104,
267,260,Brian Finneran,ATL,WR,34,16,1,0,0,0,0,0,0,0,,0,32,19,166,8.74,3,0,,3,,,35,53.6,56.6,44.1,,105,
268,261,John Skelton,ARI,QB,22,5,4,60,126,662,2,2,10,49,4.90,0,0,0,0,,0,3,,0,,,35,35.4,40.4,37.4,,46,
269,262,Brandon Stokley,SEA,WR,34,11,0,0,0,0,0,0,0,0,,0,43,31,354,11.42,0,0,,0,,,35,66.4,69.4,50.9,,103,
270,263,Delanie Walker,SFO,TE,26,14,8,0,0,0,0,0,3,18,6.00,0,45,29,331,11.41,0,1,,0,,,35,63.9,66.9,49.4,,36,
271,264,Andre Caldwell,CIN,WR,25,15,5,0,0,0,0,0,1,-2,-2.00,0,37,25,345,13.80,0,1,,0,,,34,59.3,62.3,46.8,,106,
272,265,Dexter McCluster,KAN,WR,21,11,7,0,0,0,0,0,18,71,3.94,0,39,21,209,9.95,1,2,,2,,,34,61.0,64.0,50.5,,108,
273,266,Randy McMichael,SDG,WR,31,16,11,0,0,0,0,0,0,0,,0,27,20,221,11.05,2,0,,2,,,34,54.1,57.1,44.1,,107,
274,267,Mewelde Moore,PIT,RB,28,15,0,0,0,0,0,0,33,99,3.00,0,31,26,205,7.88,0,0,,0,2,,34,60.4,63.4,47.4,,75,
275,268,David Thomas,NOR,TE,27,13,8,0,0,0,0,0,0,0,,0,46,30,219,7.30,2,0,,2,,,34,63.9,66.9,48.9,,37,
276,269,Justin Gage,TEN,WR,29,11,4,0,0,0,0,0,0,0,,0,43,20,266,13.30,1,0,,1,,,33,52.6,55.6,42.6,,109,
277,Rk,Player,Tm,FantPos,Age,G,GS,Cmp,Att,Yds,TD,Int,Att,Yds,Y/A,TD,Tgt,Rec,Yds,Y/R,TD,Fmb,FL,TD,2PM,2PP,FantPt,PPR,DKPt,FDPt,VBD,PosRank,OvRank
278,270,Michael Hoomanawanui,STL,TE,22,8,3,0,0,0,0,0,0,0,,0,22,13,146,11.23,3,0,,3,,,33,45.6,48.6,39.1,,38,
279,271,Craig Davis,SDG,WR,25,7,1,0,0,0,0,0,0,0,,0,39,21,259,12.33,1,0,,1,,,32,52.9,55.9,42.4,,110,
280,272,Jason Hill,2TM,WR,25,8,1,0,0,0,0,0,0,0,,0,21,11,248,22.55,1,0,,1,,,31,41.8,44.8,36.3,,111,
281,273,Greg Camarillo,MIN,WR,28,16,1,0,0,0,0,0,0,0,,0,34,20,240,12.00,1,0,,1,,,30,50.0,53.0,40.0,,112,
282,274,Andrew Quarless,GNB,TE,22,13,3,0,0,0,0,0,0,0,,0,33,21,238,11.33,1,1,,1,,,30,50.8,53.8,40.3,,39,
283,275,Jake Delhomme,CLE,QB,35,5,4,93,149,872,2,7,8,-2,-0.25,0,0,0,0,,0,3,,0,,,29,28.7,38.7,35.7,,48,
284,276,Zach Miller,JAX,TE,26,15,5,0,0,0,0,0,2,9,4.50,0,26,20,216,10.80,1,0,,1,,,29,48.5,51.5,38.5,,40,
285,277,Tyler Thigpen,MIA,QB,26,5,1,33,62,435,2,2,13,73,5.62,0,0,0,0,,0,1,,0,,,29,28.7,33.7,30.7,,47,
286,278,Matt Flynn,GNB,QB,25,7,1,40,66,433,3,2,9,26,2.89,0,0,0,0,,0,1,,0,,,28,27.9,32.9,29.9,,49,
287,279,Derek Hagan,NYG,WR,26,7,4,0,0,0,0,0,0,0,,0,43,24,223,9.29,1,0,,1,,,28,52.3,55.3,40.3,,114,
288,280,Julius Jones,2TM,RB,29,12,2,0,0,0,0,0,60,223,3.72,0,22,17,59,3.47,0,1,,0,,,28,45.2,48.2,36.7,,76,
289,281,LaRod Stephens-Howling,ARI,WR,23,13,2,0,0,0,0,0,23,113,4.91,1,23,16,111,6.94,0,0,,3,,,28,56.4,62.4,48.4,,113,
290,282,Billy Bajema,STL,TE,28,13,8,0,0,0,0,0,0,0,,0,24,14,145,10.36,2,1,,2,,,27,40.5,43.5,33.5,,41,
291,283,Chris Chambers,KAN,WR,32,13,7,0,0,0,0,0,0,0,,0,43,22,213,9.68,1,0,,1,,,27,49.3,52.3,38.3,,116,
292,284,Mike Hart,IND,RB,24,7,1,0,0,0,0,0,43,185,4.30,1,6,6,25,4.17,0,0,,1,,,27,33.0,36.0,30.0,,77,
293,285,Jacob Hester,SDG,RB,25,15,7,0,0,0,0,0,26,60,2.31,0,26,22,145,6.59,1,0,,1,,,27,48.5,51.5,37.5,,78,
294,286,Donald Jones,BUF,WR,23,15,5,0,0,0,0,0,3,1,0.33,0,41,18,213,11.83,1,0,,1,,,27,45.4,48.4,36.4,,115,
295,287,Martellus Bennett,DAL,TE,23,16,11,0,0,0,0,0,0,0,,0,47,33,260,7.88,0,1,,0,,,26,59.0,62.0,42.5,,43,
296,288,Tarvaris Jackson,MIN,QB,27,3,1,34,58,341,3,4,7,63,9.00,0,0,0,0,,0,1,,0,,1,26,25.9,32.9,29.9,,50,
297,289,Brian Leonard,CIN,RB,26,11,0,0,0,0,0,0,9,61,6.78,0,26,20,137,6.85,1,0,,1,,,26,45.8,48.8,35.8,,79,
298,290,Dante Rosario,CAR,TE,26,16,6,0,0,0,0,0,1,-2,-2.00,0,58,32,264,8.25,0,0,,0,,,26,58.2,61.2,42.2,,42,
299,291,Kevin Smith,DET,RB,24,6,0,0,0,0,0,0,34,133,3.91,0,16,11,123,11.18,0,0,,0,,,26,36.6,42.6,31.1,,80,
300,292,Trent Edwards,2TM,QB,27,5,3,55,101,521,2,5,14,58,4.14,0,0,0,0,,0,0,,0,,,25,24.6,32.6,29.6,,52,
301,293,Donald Lee,GNB,TE,30,15,6,0,0,0,0,0,0,0,,0,12,11,73,6.64,3,1,,3,,,25,36.3,36.3,30.8,,44,
302,294,Stephen McGee,DAL,QB,25,2,1,22,44,238,2,0,13,74,5.69,0,0,0,0,,0,1,,0,,,25,24.9,24.9,24.9,,51,
303,295,Mike Sellers,WAS,RB,35,16,8,0,0,0,0,0,4,2,0.50,0,40,20,224,11.20,0,0,,0,1,,25,44.6,47.6,34.6,,81,
304,296,Travis Beckum,NYG,TE,23,16,2,0,0,0,0,0,0,0,,0,18,13,116,8.92,2,0,,2,,,24,36.6,39.6,30.1,,46,
305,297,Bernard Berrian,MIN,WR,30,14,9,0,0,0,0,0,1,-8,-8.00,0,54,28,252,9.00,0,2,,0,,,24,52.4,55.4,38.4,,117,
306,298,Jeff King,CAR,WR,27,16,16,0,0,0,0,0,0,0,,0,32,19,121,6.37,2,0,,2,,,24,43.1,46.1,33.6,,118,
307,299,Craig Stevens,TEN,TE,26,15,13,0,0,0,0,0,0,0,,0,23,11,122,11.09,2,0,,2,,,24,35.2,38.2,29.7,,45,
308,Rk,Player,Tm,FantPos,Age,G,GS,Cmp,Att,Yds,TD,Int,Att,Yds,Y/A,TD,Tgt,Rec,Yds,Y/R,TD,Fmb,FL,TD,2PM,2PP,FantPt,PPR,DKPt,FDPt,VBD,PosRank,OvRank
309,300,Sammie Stroughter,TAM,WR,24,12,4,0,0,0,0,0,1,2,2.00,0,38,24,239,9.96,0,1,,0,,,24,48.1,51.1,36.1,,119,
310,301,Leon Washington,SEA,RB,28,16,0,0,0,0,0,0,27,100,3.70,1,13,9,79,8.78,0,3,,4,,,24,50.9,53.9,46.4,,82,
311,302,Charlie Batch,PIT,QB,36,3,2,29,49,352,3,3,7,30,4.29,0,0,0,0,,0,2,,0,,,23,23.1,29.1,26.1,,53,
312,303,Ted Ginn,SFO,WR,25,13,0,0,0,0,0,0,2,11,5.50,0,35,12,163,13.58,1,1,,2,,,23,41.4,44.4,35.4,,120,
313,304,Bryant Johnson,DET,WR,29,14,7,0,0,0,0,0,0,0,,0,49,18,210,11.67,0,0,,0,1,,23,41.0,44.0,32.0,,123,
314,305,Golden Tate,SEA,WR,22,11,0,0,0,0,0,0,2,4,2.00,0,39,21,227,10.81,0,1,,0,,,23,44.1,47.1,33.6,,122,
315,306,Kelley Washington,SDG,WR,31,8,0,0,0,0,0,0,0,0,,0,14,13,173,13.31,1,0,,1,,,23,36.3,39.3,29.8,,121,
316,307,John Gilmore,TAM,TE,31,16,11,0,0,0,0,0,0,0,,0,18,13,160,12.31,1,0,,1,,,22,35.0,38.0,28.5,,47,
317,308,Ruvell Martin,SEA,WR,28,5,0,0,0,0,0,0,0,0,,0,9,7,158,22.57,1,0,,1,,,22,28.8,31.8,25.3,,125,
318,309,Le'Ron McClain,BAL,RB,26,15,13,0,0,0,0,0,28,85,3.04,0,26,21,134,6.38,0,0,,0,,,22,42.9,45.9,32.4,,84,
319,310,Ovie Mughelli*,ATL,RB,30,16,6,0,0,0,0,0,13,36,2.77,0,18,13,126,9.69,1,0,,1,,,22,35.2,38.2,28.7,,83,
320,311,Damian Williams,TEN,WR,22,16,1,0,0,0,0,0,1,5,5.00,0,28,16,219,13.69,0,0,,0,,,22,38.4,41.4,30.4,,124,
321,312,Patrick Cobbs,MIA,RB,27,16,1,0,0,0,0,0,4,0,0.00,0,18,8,91,11.38,2,1,,2,,,21,29.1,29.1,25.1,,85,
322,313,Ed Dickson,BAL,TE,23,15,3,0,0,0,0,0,0,0,,0,23,11,152,13.82,1,0,,1,,,21,32.2,35.2,26.7,,48,
323,314,Joe McKnight,NYJ,RB,22,9,1,0,0,0,0,0,39,189,4.85,0,4,3,20,6.67,0,0,,0,,,21,23.9,26.9,22.4,,86,
324,315,Chad Hall,PHI,WR,24,8,1,0,0,0,0,0,9,29,3.22,0,18,11,115,10.45,1,0,,1,,,20,31.4,34.4,25.9,,127,
325,316,Greg Lewis,MIN,WR,30,13,5,0,0,0,0,0,0,0,,0,37,17,197,11.59,0,0,,0,,,20,36.7,39.7,28.2,,128,
326,317,Marlon Moore,MIA,WR,23,9,0,0,0,0,0,0,1,16,16.00,0,19,6,128,21.33,1,0,,1,,,20,26.4,29.4,23.4,,126,
327,318,Leonard Pope,KAN,TE,27,16,6,0,0,0,0,0,0,0,,0,19,10,76,7.60,2,0,,2,,,20,29.6,29.6,24.6,,49,
328,319,Owen Schmitt,PHI,RB,25,15,5,0,0,0,0,0,0,0,,0,24,19,136,7.16,1,0,,1,,,20,38.6,41.6,29.1,,87,
329,320,Chris Baker,SEA,WR,31,16,13,0,0,0,0,0,0,0,,0,19,9,116,12.89,1,0,,1,,,18,26.6,29.6,22.1,,130,
330,321,Riley Cooper,PHI,WR,23,13,2,0,0,0,0,0,0,0,,0,18,7,116,16.57,1,0,,1,,,18,24.6,27.6,21.1,,129,
331,322,Lousaka Polite,MIA,RB,29,16,10,0,0,0,0,0,26,62,2.38,1,17,12,61,5.08,0,0,,1,,,18,30.3,30.3,24.3,,88,
332,323,Dominic Rhodes,IND,RB,31,3,0,0,0,0,0,0,37,172,4.65,0,4,1,4,4.00,0,1,,0,,,18,18.6,21.6,18.1,,89,
333,324,Lance Ball,DEN,RB,25,10,0,0,0,0,0,0,41,158,3.85,0,6,3,16,5.33,0,1,,0,,,17,20.4,23.4,18.9,,90,
334,325,Mike Bell,2TM,RB,27,16,1,0,0,0,0,0,47,99,2.11,0,10,7,67,9.57,0,2,,0,,,17,23.6,23.6,20.1,,92,
335,326,Antonio Brown,PIT,WR,22,9,0,0,0,0,0,0,0,0,,0,19,16,167,10.44,0,1,,1,,,17,38.7,41.7,30.7,,133,
336,327,Alge Crumpler,NWE,TE,33,16,10,0,0,0,0,0,0,0,,0,10,6,52,8.67,2,0,,2,,,17,23.2,23.2,20.2,,50,
337,328,Eric Decker,DEN,WR,23,14,0,0,0,0,0,0,0,0,,0,8,6,106,17.67,1,3,,1,,,17,22.6,25.6,19.6,,134,
338,329,Joey Galloway,WAS,WR,39,10,4,0,0,0,0,0,0,0,,0,38,12,173,14.42,0,0,,0,,,17,29.3,32.3,23.3,,132,
339,Rk,Player,Tm,FantPos,Age,G,GS,Cmp,Att,Yds,TD,Int,Att,Yds,Y/A,TD,Tgt,Rec,Yds,Y/R,TD,Fmb,FL,TD,2PM,2PP,FantPt,PPR,DKPt,FDPt,VBD,PosRank,OvRank
340,330,Deji Karim,JAX,RB,24,11,0,0,0,0,0,0,35,160,4.57,0,7,3,10,3.33,0,4,,0,,,17,20.0,23.0,18.5,,91,
341,331,Verran Tucker,KAN,WR,22,11,2,0,0,0,0,0,0,0,,0,19,6,114,19.00,1,0,,1,,,17,23.4,26.4,20.4,,131,
342,332,Terrance Copper,KAN,WR,28,16,3,0,0,0,0,0,0,0,,0,28,18,157,8.72,0,0,,0,,,16,33.7,36.7,24.7,,135,
343,333,Justin Peelle,ATL,TE,31,13,8,0,0,0,0,0,0,0,,0,15,10,96,9.60,1,0,,1,,,16,25.6,25.6,20.6,,51,
344,334,Fred Taylor,NWE,RB,34,7,0,0,0,0,0,0,43,155,3.60,0,3,2,6,3.00,0,0,,0,,,16,18.1,21.1,17.1,,93,
345,335,Devin Aromashodu,CHI,WR,26,14,2,0,0,0,0,0,0,0,,0,24,10,149,14.90,0,0,,0,,,15,24.9,27.9,19.9,,137,
346,336,Dezmon Briscoe,TAM,WR,21,2,0,0,0,0,0,0,0,0,,0,7,6,93,15.50,1,0,,1,,,15,21.3,21.3,18.3,,136,
347,337,Daniel Graham,DEN,TE,32,16,16,0,0,0,0,0,0,0,,0,37,18,148,8.22,0,1,,0,,,15,32.8,35.8,23.8,,53,
348,338,Jim Kleinsasser,MIN,TE,33,16,7,0,0,0,0,0,0,0,,0,21,17,148,8.71,0,0,,0,,,15,31.8,34.8,23.3,,52,
349,339,Sammy Morris,NWE,RB,33,16,0,0,0,0,0,0,20,56,2.80,0,12,7,77,11.00,0,1,,0,,,15,20.3,20.3,16.8,,94,
350,340,Todd Bouman,JAX,QB,38,1,1,18,34,222,2,2,2,8,4.00,0,0,0,0,,0,0,,0,,,14,13.7,15.7,15.7,,54,
351,341,Rashied Davis,CHI,WR,31,16,0,0,0,0,0,0,0,0,,0,13,9,84,9.33,1,1,,1,,,14,23.4,23.4,18.9,,138,
352,342,Naaman Roosevelt,BUF,WR,23,6,1,0,0,0,0,0,1,3,3.00,0,17,9,139,15.44,0,0,,0,,,14,23.2,26.2,18.7,,139,
353,343,Matt Spaeth,PIT,TE,27,14,13,0,0,0,0,0,0,0,,0,18,9,80,8.89,1,0,,1,,,14,23.0,23.0,18.5,,54,
354,344,Maurice Stovall,TAM,WR,25,12,1,0,0,0,0,0,0,0,,0,9,7,81,11.57,1,0,,1,,,14,21.1,21.1,17.6,,140,
355,345,Tyrell Sutton,CAR,RB,24,9,0,0,0,0,0,0,13,71,5.46,0,12,12,70,5.83,0,0,,0,,,14,26.1,26.1,20.1,,95,
356,346,Danny Ware,NYG,RB,25,14,0,0,0,0,0,0,20,73,3.65,0,9,7,67,9.57,0,0,,0,,,14,21.0,21.0,17.5,,96,
357,347,Jerome Felton,DET,RB,24,16,2,0,0,0,0,0,22,76,3.45,0,15,8,54,6.75,0,1,,0,,,13,21.0,21.0,17.0,,97,
358,348,Clay Harbor,PHI,TE,23,9,6,0,0,0,0,0,0,0,,0,15,9,72,8.00,1,0,,1,,,13,22.2,22.2,17.7,,55,
359,349,Spencer Larsen,DEN,RB,26,11,5,0,0,0,0,0,3,18,6.00,0,5,5,51,10.20,1,0,,1,,,13,17.9,17.9,15.4,,98,
360,350,Dimitri Nance,GNB,RB,22,12,0,0,0,0,0,0,36,95,2.64,0,4,3,30,10.00,0,0,,0,,,13,15.5,15.5,14.0,,100,
361,351,Michael Robinson,SEA,RB,27,11,4,1,1,28,0,0,12,77,6.42,0,13,8,37,4.63,0,0,,0,,,13,20.5,20.5,16.5,,99,
362,352,Donte' Stallworth,BAL,WR,30,8,0,0,0,0,0,0,5,45,9.00,0,5,2,82,41.00,0,1,,0,,,13,14.7,14.7,13.7,,141,
363,353,David Anderson,HOU,WR,27,12,1,0,0,0,0,0,0,0,,0,18,11,117,10.64,0,0,,0,,,12,22.7,25.7,17.2,,145,
364,354,Jackie Battle,KAN,RB,27,16,0,0,0,0,0,0,20,50,2.50,1,3,1,9,9.00,0,0,,1,,,12,12.9,12.9,12.4,,102,
365,355,David Clowney,2TM,WR,25,13,0,0,0,0,0,0,0,0,,0,16,7,124,17.71,0,0,,0,,,12,19.4,22.4,15.9,,142,
366,356,Sam Hurd,DAL,WR,25,15,1,0,0,0,0,0,0,0,,0,23,14,120,8.57,0,0,,0,,,12,26.0,29.0,19.0,,143,
367,357,Max Komar,ARI,WR,23,8,0,0,0,0,0,0,0,0,,0,22,12,117,9.75,0,3,,0,,,12,23.7,26.7,17.7,,147,
368,358,Laurence Maroney,DEN,RB,25,4,3,0,0,0,0,0,36,74,2.06,0,7,4,50,12.50,0,1,,0,,,12,16.4,16.4,14.4,,101,
369,359,Cameron Morrah,SEA,WR,23,15,3,0,0,0,0,0,0,0,,0,18,9,117,13.00,0,0,,0,,,12,20.7,23.7,16.2,,146,
370,Rk,Player,Tm,FantPos,Age,G,GS,Cmp,Att,Yds,TD,Int,Att,Yds,Y/A,TD,Tgt,Rec,Yds,Y/R,TD,Fmb,FL,TD,2PM,2PP,FantPt,PPR,DKPt,FDPt,VBD,PosRank,OvRank
371,360,Kassim Osgood,JAX,WR,30,16,3,0,0,0,0,0,0,0,,0,16,6,60,10.00,1,0,,1,,,12,18.0,18.0,15.0,,144,
372,361,Ben Patrick,ARI,TE,26,15,7,0,0,0,0,0,0,0,,0,18,15,123,8.20,0,1,,0,,,12,27.3,30.3,19.8,,56,
373,362,Robert Royal,CLE,WR,31,15,4,0,0,0,0,0,0,0,,0,12,5,56,11.20,1,0,,1,,,12,16.6,16.6,14.1,,148,
374,363,James Starks,GNB,RB,24,3,0,0,0,0,0,0,29,101,3.48,0,4,2,15,7.50,0,0,,0,,,12,13.6,16.6,12.6,,103,
375,364,Mark Brunell,NYJ,QB,40,2,0,7,13,117,2,1,0,0,,0,0,0,0,,0,0,,0,,,11,10.7,11.7,11.7,,56,
376,365,John Conner,NYJ,RB,23,16,0,0,0,0,0,0,8,44,5.50,1,4,2,9,4.50,0,0,,1,,,11,13.3,13.3,12.3,,104,
377,366,James Davis,2TM,RB,24,7,0,0,0,0,0,0,19,60,3.16,0,5,4,45,11.25,0,0,,0,,,11,14.5,14.5,12.5,,107,
378,367,Dennis Dixon,PIT,QB,25,2,2,22,32,254,0,1,5,32,6.40,0,0,0,0,,0,2,,0,,,11,11.4,12.4,12.4,,55,
379,368,Kevin Faulk,NWE,RB,34,2,2,0,0,0,0,0,8,45,5.63,0,10,6,62,10.33,0,0,,0,,,11,16.7,16.7,13.7,,106,
380,369,Chris Gronkowski,DAL,RB,24,14,7,0,0,0,0,0,5,17,3.40,0,14,7,35,5.00,1,0,,1,,,11,18.2,18.2,14.7,,105,
381,370,Jonathan Stupar,BUF,TE,26,16,3,0,0,0,0,0,0,0,,0,13,12,111,9.25,0,1,,0,,,11,23.1,26.1,17.1,,57,
382,371,Tiquan Underwood,JAX,WR,23,10,0,0,0,0,0,0,0,0,,0,22,8,111,13.88,0,0,,0,,,11,19.1,22.1,15.1,,149,
383,372,Roydell Williams,WAS,WR,29,16,0,0,0,0,0,0,0,0,,0,18,8,109,13.63,0,0,,0,,,11,18.9,21.9,14.9,,150,
384,373,Aaron Brown,DET,RB,25,6,0,0,0,0,0,0,17,58,3.41,0,13,8,45,5.63,0,0,,0,,,10,18.3,18.3,14.3,,109,
385,374,James Casey,HOU,TE,26,16,4,0,0,0,0,0,0,0,,0,14,8,98,12.25,0,0,,0,,,10,17.8,17.8,13.8,,59,
386,375,Julian Edelman,NWE,WR,24,15,3,0,0,0,0,0,2,14,7.00,0,14,7,86,12.29,0,1,,1,,,10,23.0,23.0,19.5,,154,
387,376,Heath Evans,NOR,RB,32,16,6,0,0,0,0,0,2,2,1.00,0,11,7,41,5.86,1,0,,1,,,10,17.3,17.3,13.8,,110,
388,377,Ahmard Hall,TEN,RB,31,16,4,0,0,0,0,0,1,1,1.00,0,20,15,100,6.67,0,0,,0,,,10,25.1,28.1,17.6,,112,
389,378,Will Heller,DET,TE,29,16,5,0,0,0,0,0,0,0,,0,5,4,37,9.25,1,0,,1,,,10,13.7,13.7,11.7,,60,
390,379,Johnnie Lee Higgins,OAK,WR,27,13,1,0,0,0,0,0,0,0,,0,30,10,103,10.30,0,0,,0,,,10,20.3,23.3,15.3,,151,
391,380,Stefan Logan,DET,WR,29,16,0,0,1,0,0,0,15,95,6.33,0,1,0,0,,0,2,,1,,,10,15.5,15.5,15.5,,156,
392,381,Brandon Manumaleuna,CHI,RB,30,16,13,0,0,0,0,0,0,0,,0,7,5,43,8.60,1,0,,1,,,10,15.3,15.3,12.8,,111,
393,382,David Martin,BUF,TE,31,16,9,0,0,0,0,0,0,0,,0,8,7,43,6.14,1,0,,1,,,10,17.3,17.3,13.8,,58,
394,383,Corey McIntyre,BUF,RB,31,16,7,0,0,0,0,0,4,5,1.25,1,8,4,32,8.00,0,1,,1,,,10,13.7,13.7,11.7,,114,
395,384,Chaz Schilens,OAK,WR,25,5,0,0,0,0,0,0,0,0,,0,9,5,40,8.00,1,0,,1,,,10,15.0,15.0,12.5,,153,
396,385,Steve Slaton,HOU,RB,24,12,1,0,0,0,0,0,19,93,4.89,0,4,3,11,3.67,0,0,,0,,,10,13.4,13.4,11.9,,108,
397,386,Naufahu Tahi,MIN,RB,29,15,7,0,0,0,0,0,1,1,1.00,0,6,6,39,6.50,1,0,,1,,,10,16.0,16.0,13.0,,113,
398,387,Stephen Williams,ARI,WR,24,11,3,0,0,0,0,0,0,0,,0,23,9,101,11.22,0,0,,0,,,10,19.1,22.1,14.6,,152,
399,388,Dominique Zeigler,SFO,WR,26,11,0,0,0,0,0,0,0,0,,0,15,9,98,10.89,0,0,,0,,,10,18.8,18.8,14.3,,155,
400,389,Vonta Leach*+,HOU,RB,29,16,5,0,0,0,0,0,0,0,,0,15,8,91,11.38,0,0,,0,,,9,17.1,17.1,13.1,,115,
401,Rk,Player,Tm,FantPos,Age,G,GS,Cmp,Att,Yds,TD,Int,Att,Yds,Y/A,TD,Tgt,Rec,Yds,Y/R,TD,Fmb,FL,TD,2PM,2PP,FantPt,PPR,DKPt,FDPt,VBD,PosRank,OvRank
402,390,Michael Palmer,ATL,TE,22,14,1,0,0,0,0,0,0,0,,0,8,5,29,5.80,1,0,,1,,,9,13.9,13.9,11.4,,61,
403,391,Adrian Arrington,NOR,WR,25,1,0,0,0,0,0,0,0,0,,0,9,7,79,11.29,0,0,,0,,,8,14.9,14.9,11.4,,157,
404,392,Eldra Buckley,PHI,RB,25,16,0,0,0,0,0,0,21,67,3.19,0,2,1,10,10.00,0,1,,0,,,8,8.7,8.7,8.2,,118,
405,393,Kellen Davis,CHI,TE,25,16,3,0,0,0,0,0,0,0,,0,2,1,19,19.00,1,0,,1,,,8,8.9,8.9,8.4,,63,
406,394,Josh Johnson,TAM,QB,24,11,0,14,16,111,0,0,4,39,9.75,0,1,0,0,,0,0,,0,,,8,8.3,8.3,8.3,,57,
407,395,Brandon Myers,OAK,TE,25,15,3,0,0,0,0,0,0,0,,0,16,12,80,6.67,0,1,,0,,,8,20.0,20.0,14.0,,62,
408,396,Keith Toston,STL,RB,23,16,0,0,0,0,0,0,19,54,2.84,0,2,2,29,14.50,0,0,,0,,,8,10.3,10.3,9.3,,116,
409,397,Darrel Young,WAS,RB,23,16,0,0,0,0,0,0,4,19,4.75,0,1,1,3,3.00,1,0,,1,,,8,9.2,9.2,8.7,,117,
410,398,Khalif Barnes,OAK,TE,28,16,3,0,0,0,0,0,0,0,,0,2,2,8,4.00,1,0,,1,,,7,8.8,8.8,7.8,,68,
411,399,Kellen Clemens,NYJ,QB,27,1,0,1,2,6,0,0,2,9,4.50,1,0,0,0,,0,0,,1,,,7,7.1,7.1,7.1,,58,
412,400,Anthony Gonzalez,IND,WR,26,2,0,0,0,0,0,0,0,0,,0,9,5,67,13.40,0,0,,0,,,7,11.7,11.7,9.2,,160,
413,401,Dan Gronkowski,DEN,TE,25,12,4,0,0,0,0,0,0,0,,0,13,8,65,8.13,0,0,,0,,,7,14.5,14.5,10.5,,69,
414,402,Bear Pascoe,NYG,TE,24,15,11,0,0,0,0,0,0,0,,0,13,9,72,8.00,0,0,,0,,,7,16.2,16.2,11.7,,66,
415,403,Logan Paulsen,WAS,TE,23,11,0,0,0,0,0,0,0,0,,0,2,2,10,5.00,1,0,,1,,,7,9.0,9.0,8.0,,67,
416,404,Gijon Robinson,IND,TE,26,11,2,0,0,0,0,0,0,0,,0,7,3,12,4.00,1,0,,1,,,7,10.2,10.2,8.7,,65,
417,405,Kory Sperry,SDG,WR,25,7,1,0,0,0,0,0,0,0,,0,4,4,73,18.25,0,0,,0,,,7,11.3,11.3,9.3,,158,
418,406,Brian St. Pierre,CAR,QB,31,1,1,13,28,173,1,2,0,0,,0,0,0,0,,0,0,,0,,,7,6.9,8.9,8.9,,59,
419,407,Brett Swain,GNB,WR,25,16,1,0,0,0,0,0,0,0,,0,9,6,72,12.00,0,0,,0,,,7,13.2,13.2,10.2,,159,
420,408,Josh Vaughan,CAR,RB,24,3,0,0,0,0,0,0,3,7,2.33,1,0,0,0,,0,0,,1,,,7,6.7,6.7,6.7,,120,
421,409,Kris Wilson,SDG,TE,29,14,7,0,0,0,0,0,0,0,,0,,6,73,12.17,0,1,,0,,,7,13.3,13.3,10.3,,64,
422,410,Jason Wright,ARI,RB,28,15,1,0,0,0,0,0,6,28,4.67,0,16,8,42,5.25,0,1,,0,,,7,15.0,15.0,11.0,,119,
423,411,Ramses Barden,NYG,WR,24,6,0,0,0,0,0,0,0,0,,0,7,5,64,12.80,0,0,,0,,,6,11.4,11.4,8.9,,161,
424,412,Tom Crabtree,GNB,TE,25,16,1,0,0,0,0,0,0,0,,0,7,4,61,15.25,0,0,,0,,,6,10.1,10.1,8.1,,70,
425,413,Tony Fiammetta,CAR,RB,24,14,9,0,0,0,0,0,7,22,3.14,0,10,5,34,6.80,0,0,,0,,,6,10.6,10.6,8.1,,121,
426,414,Mardy Gilyard,STL,WR,24,11,2,0,0,0,0,0,0,0,,0,16,6,63,10.50,0,1,,0,,,6,12.3,12.3,9.3,,162,
427,415,Max Hall,ARI,QB,25,6,3,39,78,370,1,6,1,-5,-5.00,0,0,0,0,,0,5,,0,,,6,6.3,15.3,12.3,,60,
428,416,Lavelle Hawkins,TEN,WR,24,6,0,0,0,0,0,0,0,0,,0,6,5,61,12.20,0,0,,0,,,6,11.1,11.1,8.6,,165,
429,417,Brian Hoyer,NWE,QB,25,5,0,7,15,122,1,1,10,-8,-0.80,0,0,0,0,,0,0,,0,,,6,6.1,7.1,7.1,,61,
430,418,Roberto Wallace,MIA,WR,24,12,0,0,0,0,0,0,0,0,,0,10,6,62,10.33,0,0,,0,,,6,12.2,12.2,9.2,,163,
431,419,Eric Weems*,ATL,WR,25,16,4,0,0,0,0,0,0,0,,0,6,6,61,10.17,0,0,,2,,,6,24.1,24.1,21.1,,164,
432,Rk,Player,Tm,FantPos,Age,G,GS,Cmp,Att,Yds,TD,Int,Att,Yds,Y/A,TD,Tgt,Rec,Yds,Y/R,TD,Fmb,FL,TD,2PM,2PP,FantPt,PPR,DKPt,FDPt,VBD,PosRank,OvRank
433,420,Terrence Austin,WAS,WR,22,5,0,0,0,0,0,0,0,0,,0,5,3,47,15.67,0,0,,0,,,5,7.7,7.7,6.2,,167,
434,421,Tim Castille,KAN,RB,26,10,4,0,0,0,0,0,5,3,0.60,0,12,10,43,4.30,0,0,,0,,,5,14.6,14.6,9.6,,123,
435,422,Jim Dray,ARI,TE,24,16,3,0,0,0,0,0,0,0,,0,9,3,47,15.67,0,0,,0,,,5,7.7,7.7,6.2,,71,
436,423,Ryan Grant,GNB,RB,28,1,1,0,0,0,0,0,8,45,5.63,0,0,0,0,,0,0,,0,,,5,4.5,4.5,4.5,,124,
437,424,David Johnson,PIT,TE,23,16,5,0,0,0,0,0,0,0,,0,6,4,46,11.50,0,0,,0,,,5,8.6,8.6,6.6,,72,
438,425,Greg Jones,JAX,RB,29,16,13,0,0,0,0,0,2,4,2.00,0,11,11,47,4.27,0,0,,0,,,5,16.1,16.1,10.6,,122,
439,426,Luke McCown,JAX,QB,29,1,0,11,19,120,0,0,1,4,4.00,0,0,0,0,,0,0,,0,,,5,5.2,5.2,5.2,,62,
440,427,Preston Parker,TAM,WR,23,9,0,0,0,0,0,0,1,7,7.00,0,9,4,42,10.50,0,0,,0,,,5,8.9,8.9,6.9,,166,
441,428,Richard Bartel,ARI,QB,27,1,0,16,28,150,0,1,0,0,,0,0,0,0,,0,0,,0,,,4,4.0,5.0,5.0,,63,
442,429,Brody Eldridge,IND,TE,23,14,8,0,0,0,0,0,0,0,,0,9,5,39,7.80,0,0,,0,,,4,8.9,8.9,6.4,,77,
443,430,Brandon James,IND,WR,23,3,0,0,0,0,0,0,0,0,,0,11,6,40,6.67,0,0,,0,,,4,10.0,10.0,7.0,,169,
444,431,Dwayne Jarrett,CAR,WR,24,3,0,0,0,0,0,0,0,0,,0,5,2,40,20.00,0,0,,0,,,4,6.0,6.0,5.0,,171,
445,432,Gartrell Johnson,ATL,RB,24,9,0,0,0,0,0,0,10,36,3.60,0,5,3,6,2.00,0,1,,0,,,4,7.2,7.2,5.7,,126,
446,433,Reggie Kelly,CIN,TE,33,16,14,0,0,0,0,0,0,0,,0,13,10,42,4.20,0,0,,0,,,4,14.2,14.2,9.2,,75,
447,434,Nick Miller,OAK,WR,23,9,0,0,0,0,0,0,0,0,,0,4,3,40,13.33,0,2,,0,,,4,7.0,7.0,5.5,,170,
448,435,Taylor Price,NWE,WR,23,1,0,0,0,0,0,0,0,0,,0,4,3,41,13.67,0,0,,0,,,4,7.1,7.1,5.6,,168,
449,436,Ryan Purvis,TAM,TE,24,10,2,0,0,0,0,0,0,0,,0,6,5,38,7.60,0,0,,0,,,4,8.8,8.8,6.3,,78,
450,437,Tony Richardson,NYJ,RB,39,16,10,0,0,0,0,0,5,13,2.60,0,5,5,31,6.20,0,0,,0,,,4,9.4,9.4,6.9,,125,
451,438,Mickey Shuler,MIA,TE,24,6,2,0,0,0,0,0,0,0,,0,5,2,44,22.00,0,0,,0,,,4,6.4,6.4,5.4,,73,
452,439,Stephen Spach,ARI,TE,28,15,11,0,0,0,0,0,0,0,,0,17,7,40,5.71,0,0,,0,,,4,11.0,11.0,7.5,,76,
453,440,Jerramy Stevens,TAM,TE,31,5,1,0,0,0,0,0,0,0,,0,5,3,43,14.33,0,0,,0,,,4,7.3,7.3,5.8,,74,
454,441,Albert Young,MIN,RB,25,3,0,0,0,0,0,0,13,29,2.23,0,2,2,11,5.50,0,0,,0,,,4,6.0,6.0,5.0,,127,
455,442,Lorenzo Booker,MIN,RB,26,4,0,0,0,0,0,0,0,0,,0,6,5,32,6.40,0,1,,0,,,3,8.2,8.2,5.7,,128,
456,443,Nate Byham,SFO,TE,22,14,3,0,0,0,0,0,0,0,,0,7,5,27,5.40,0,0,,0,,,3,7.7,7.7,5.2,,82,
457,444,Rock Cartwright,OAK,RB,31,16,0,0,0,0,0,0,9,22,2.44,0,3,1,10,10.00,0,0,,0,,,3,4.2,4.2,3.7,,129,
458,445,Chase Coffman,CIN,TE,24,6,0,0,0,0,0,0,0,0,,0,5,3,30,10.00,0,0,,0,,,3,6.0,6.0,4.5,,81,
459,446,Mike Cox,KAN,RB,25,7,2,0,0,0,0,0,0,0,,0,4,4,27,6.75,0,0,,0,,,3,6.7,6.7,4.7,,132,
460,447,Jeff Dugan,MIN,TE,29,16,4,0,0,0,0,0,2,2,1.00,0,5,4,30,7.50,0,0,,0,,,3,7.2,7.2,5.2,,79,
461,448,Jonathan Dwyer,PIT,RB,21,1,0,0,0,0,0,0,9,28,3.11,0,0,0,0,,0,0,,0,,,3,2.8,2.8,2.8,,130,
462,449,Quinton Ganther,2TM,RB,26,11,1,0,0,0,0,0,9,18,2.00,0,3,2,9,4.50,0,0,,0,,,3,4.7,4.7,3.7,,131,
463,Rk,Player,Tm,FantPos,Age,G,GS,Cmp,Att,Yds,TD,Int,Att,Yds,Y/A,TD,Tgt,Rec,Yds,Y/R,TD,Fmb,FL,TD,2PM,2PP,FantPt,PPR,DKPt,FDPt,VBD,PosRank,OvRank
464,450,Richard Goodman,SDG,WR,23,3,0,0,0,0,0,0,0,0,,0,2,1,25,25.00,0,1,,0,,,3,3.5,3.5,3.0,,175,
465,451,Quinn Johnson,GNB,RB,24,11,4,0,0,0,0,0,0,0,,0,4,3,26,8.67,0,0,,0,,,3,5.6,5.6,4.1,,135,
466,452,Mike Karney,STL,RB,29,12,5,0,0,0,0,0,6,12,2.00,0,5,5,14,2.80,0,0,,0,,,3,7.6,7.6,5.1,,133,
467,453,Shawn Nelson,BUF,TE,25,5,1,0,0,0,0,0,0,0,,0,4,3,25,8.33,0,1,,0,,,3,5.5,5.5,4.0,,83,
468,454,Jake O'Connell,KAN,TE,25,15,2,0,0,0,0,0,0,0,,0,4,3,31,10.33,0,0,,0,,,3,6.1,6.1,4.6,,80,
469,455,Kevin Ogletree,DAL,WR,23,6,0,0,0,0,0,0,0,0,,0,6,3,34,11.33,0,0,,0,,,3,6.4,6.4,4.9,,172,
470,456,Patrick Turner,NYJ,WR,23,5,0,0,0,0,0,0,0,0,,0,2,2,26,13.00,0,0,,0,,,3,4.6,4.6,3.6,,174,
471,457,Lawrence Vickers,CLE,RB,27,16,4,0,0,0,0,0,5,11,2.20,0,9,4,15,3.75,0,0,,0,,,3,6.6,6.6,4.6,,134,
472,458,Derrick Williams,DET,WR,24,7,1,0,0,0,0,0,0,0,,0,5,3,30,10.00,0,0,,0,,,3,6.0,6.0,4.5,,173,
473,459,Brandon Banks,WAS,WR,23,13,0,0,0,0,0,0,2,6,3.00,0,5,2,10,5.00,0,2,,1,,,2,9.6,9.6,8.6,,180,
474,460,Hank Baskett,2TM,WR,28,8,0,0,0,0,0,0,0,0,,0,4,1,18,18.00,0,0,,0,,,2,2.8,2.8,2.3,,177,
475,461,Michael Bennett,OAK,RB,32,7,0,0,0,0,0,0,2,11,5.50,0,2,2,9,4.50,0,0,,0,,,2,4.0,4.0,3.0,,138,
476,462,Brock Bolen,JAX,RB,25,4,0,0,0,0,0,0,0,0,,0,3,1,15,15.00,0,0,,0,,,2,2.5,2.5,2.0,,142,
477,463,Michael Clayton,NYG,WR,28,6,0,0,0,0,0,0,0,0,,0,4,2,19,9.50,0,0,,0,,,2,3.9,3.9,2.9,,176,
478,464,Thomas Clayton,2TM,RB,26,3,0,0,0,0,0,0,7,17,2.43,0,0,0,0,,0,0,,0,,,2,1.7,1.7,1.7,,140,
479,465,Quan Cosby,CIN,WR,28,16,0,0,0,0,0,0,0,0,,0,2,2,16,8.00,0,0,,0,,,2,3.6,3.6,2.6,,179,
480,466,Chase Daniel,NOR,QB,24,13,0,2,3,16,0,0,2,16,8.00,0,0,0,0,,0,1,,0,,,2,2.2,2.2,2.2,,64,
481,467,Caleb Hanie,CHI,QB,25,2,0,5,7,55,0,0,1,-1,-1.00,0,0,0,0,,0,0,,0,,,2,2.1,2.1,2.1,,65,
482,468,Kareem Huggins,TAM,RB,24,3,0,0,0,0,0,0,4,11,2.75,0,2,1,7,7.00,0,0,,0,,,2,2.8,2.8,2.3,,139,
483,469,Byron Leftwich,PIT,QB,30,1,0,5,7,42,0,0,0,0,,0,0,0,0,,0,0,,0,,,2,1.7,1.7,1.7,,68,
484,470,Reagan Maui'a,ARI,RB,26,15,4,0,0,0,0,0,0,0,,0,6,2,20,10.00,0,0,,0,,,2,4.0,4.0,3.0,,137,
485,471,Garrett Mills,PHI,TE,27,7,3,0,0,0,0,0,0,0,,0,3,2,19,9.50,0,0,,0,,,2,3.9,3.9,2.9,,85,
486,472,Moran Norris,SFO,RB,32,16,11,0,0,0,0,0,3,0,0.00,0,9,4,20,5.00,0,0,,0,,,2,6.0,6.0,4.0,,136,
487,473,Jerious Norwood,ATL,RB,27,2,0,0,0,0,0,0,2,8,4.00,0,3,1,9,9.00,0,0,,0,,,2,2.7,2.7,2.2,,141,
488,474,Fendi Onobun,STL,TE,24,3,0,0,0,0,0,0,0,0,,0,4,2,15,7.50,0,0,,0,,,2,3.5,3.5,2.5,,86,
489,475,Tyler Palko,KAN,QB,27,2,0,4,6,35,0,0,2,5,2.50,0,0,0,0,,0,0,,0,,,2,1.9,1.9,1.9,,66,
490,476,Tony Pike,CAR,QB,24,1,0,6,12,47,0,0,0,0,,0,0,0,0,,0,0,,0,,,2,1.9,1.9,1.9,,67,
491,477,Zach Potter,JAX,TE,24,13,1,0,0,0,0,0,0,0,,0,7,3,24,8.00,0,0,,0,,,2,5.4,5.4,3.9,,84,
492,478,David Reed,BAL,WR,23,13,0,0,0,0,0,0,1,15,15.00,0,1,0,0,,0,0,,1,,,2,7.5,7.5,7.5,,181,
493,479,Matt Willis,DEN,WR,26,6,0,0,0,0,0,0,0,0,,0,2,1,17,17.00,0,0,,0,,,2,2.7,2.7,2.2,,178,
494,Rk,Player,Tm,FantPos,Age,G,GS,Cmp,Att,Yds,TD,Int,Att,Yds,Y/A,TD,Tgt,Rec,Yds,Y/R,TD,Fmb,FL,TD,2PM,2PP,FantPt,PPR,DKPt,FDPt,VBD,PosRank,OvRank
495,480,Sam Aiken,CLE,WR,30,3,0,0,0,0,0,0,0,0,,0,1,1,7,7.00,0,0,,0,,,1,1.7,1.7,1.2,,188,
496,481,Kyle Boller,OAK,QB,29,5,0,2,4,25,0,1,7,18,2.57,0,0,0,0,,0,1,,0,,,1,0.8,1.8,1.8,,69,
497,482,Curtis Brinkley,SDG,RB,25,3,0,0,0,0,0,0,2,11,5.50,0,0,0,0,,0,0,,0,,,1,1.1,1.1,1.1,,145,
498,483,David Carr,SFO,QB,31,1,0,5,13,67,0,1,0,0,,0,0,0,0,,0,0,,0,,,1,0.7,1.7,1.7,,73,
499,484,Scott Chandler,2TM,TE,25,13,1,0,0,0,0,0,0,0,,0,3,1,8,8.00,0,0,,0,,,1,1.8,1.8,1.3,,90,
500,485,Desmond Clark,CHI,TE,33,5,0,0,0,0,0,0,0,0,,0,2,1,12,12.00,0,0,,0,,,1,2.2,2.2,1.7,,87,
501,486,Kevin Curtis,MIA,WR,32,2,0,0,0,0,0,0,1,6,6.00,0,2,1,6,6.00,0,0,,0,,,1,2.2,2.2,1.7,,183,
502,487,Armanti Edwards,CAR,WR,22,3,0,1,1,0,0,0,1,7,7.00,0,2,0,0,,0,1,,0,,,1,0.7,0.7,0.7,,189,
503,488,Yamon Figurs,2TM,WR,27,2,0,0,0,0,0,0,1,-4,-4.00,0,2,2,17,8.50,0,1,,0,,,1,3.3,3.3,2.3,,182,
504,489,Korey Hall,GNB,RB,27,12,6,0,0,0,0,0,0,0,,0,1,1,9,9.00,0,0,,0,,,1,1.9,1.9,1.4,,146,
505,490,Ben Hartsock,NYJ,TE,30,16,7,0,0,0,0,0,0,0,,0,3,1,7,7.00,0,0,,0,,,1,1.7,1.7,1.2,,91,
506,491,Madison Hedgecock,NYG,RB,29,4,3,0,0,0,0,0,0,0,,0,2,2,8,4.00,0,0,,0,,,1,2.8,2.8,1.8,,148,
507,492,Paul Hubbard,BUF,WR,25,1,1,0,0,0,0,0,0,0,,0,3,1,8,8.00,0,0,,0,,,1,1.8,1.8,1.3,,186,
508,493,Tory Humphrey,NOR,WR,27,6,2,0,0,0,0,0,0,0,,0,2,1,12,12.00,0,0,,0,,,1,2.2,2.2,1.7,,184,
509,494,Manuel Johnson,DAL,WR,24,2,0,0,0,0,0,0,0,0,,0,5,1,6,6.00,0,0,,0,,,1,1.6,1.6,1.1,,190,
510,495,Erik Lorig,TAM,TE,24,9,1,0,0,0,0,0,0,0,,0,2,1,10,10.00,0,0,,0,,,1,2.0,2.0,1.5,,88,
511,496,Kregg Lumpkin,TAM,RB,26,11,0,0,0,0,0,0,1,0,0.00,0,1,1,12,12.00,0,0,,0,,,1,2.2,2.2,1.7,,143,
512,497,Carlton Mitchell,CLE,WR,22,5,0,0,0,0,0,0,1,9,9.00,0,1,0,0,,0,0,,0,,,1,0.9,0.9,0.9,,185,
513,498,Jordan Palmer,CIN,QB,26,1,0,3,3,18,0,0,0,0,,0,0,0,0,,0,0,,0,,,1,0.7,0.7,0.7,,71,
514,499,Cedric Peerman,CIN,RB,24,7,0,0,0,0,0,0,2,1,0.50,0,3,1,11,11.00,0,0,,0,,,1,2.2,2.2,1.7,,144,
515,500,Chad Pennington,MIA,QB,34,1,1,1,2,19,0,0,0,0,,0,0,0,0,,0,0,,0,,,1,0.8,0.8,0.8,,70,
516,501,Chris Pressley,2TM,RB,24,7,0,0,0,0,0,0,1,0,0.00,0,1,1,6,6.00,0,0,,0,,,1,1.6,1.6,1.1,,149,
517,502,Richard Quinn,DEN,TE,24,14,4,0,0,0,0,0,0,0,,0,2,1,9,9.00,0,0,,0,,,1,1.9,1.9,1.4,,89,
518,503,Chris Redman,ATL,QB,33,2,0,4,6,20,0,0,1,-1,-1.00,0,0,0,0,,0,0,,0,,,1,0.7,0.7,0.7,,72,
519,504,Alex Smith,CLE,TE,28,3,1,0,0,0,0,0,0,0,,0,1,1,6,6.00,0,0,,0,,,1,1.6,1.6,1.1,,92,
520,505,Kyle Williams,SFO,WR,22,5,0,0,0,0,0,0,0,0,,0,1,1,8,8.00,0,0,,0,,,1,1.8,1.8,1.3,,187,
521,506,Garrett Wolfe,CHI,RB,26,16,0,0,0,0,0,0,4,8,2.00,0,0,0,0,,0,0,,0,,,1,0.8,0.8,0.8,,147,
522,507,Andre' Anderson,BUF,,22,2,0,0,0,0,0,0,0,0,,0,,0,0,,0,0,,0,,,,,,,,158,
523,508,Deon Anderson,DAL,,27,1,0,0,0,0,0,0,0,0,,0,,0,0,,0,0,,0,,,,,,,,1,
524,509,Jake Ballard,NYG,,23,1,0,0,0,0,0,0,0,0,,0,,0,0,,0,0,,0,,,,,,,,107,
525,Rk,Player,Tm,FantPos,Age,G,GS,Cmp,Att,Yds,TD,Int,Att,Yds,Y/A,TD,Tgt,Rec,Yds,Y/R,TD,Fmb,FL,TD,2PM,2PP,FantPt,PPR,DKPt,FDPt,VBD,PosRank,OvRank
526,510,Gary Banks,SDG,WR,29,2,2,0,0,0,0,0,0,0,,0,3,1,2,2.00,0,0,,0,,,,1.2,1.2,0.7,,192,
527,511,Gary Barnidge,CAR,,25,16,3,0,0,0,0,0,0,0,,0,9,0,0,,0,0,,0,,,,,,,,96,
528,512,Arnaz Battle,PIT,,30,15,0,0,0,0,0,0,0,0,,0,2,0,0,,0,0,,0,,,,,,,,197,
529,513,Joique Bell,2TM,,24,8,0,0,0,0,0,0,0,0,,0,0,0,0,,0,0,,0,,,,,,,,160,
530,514,Chris Brooks,IND,,23,1,0,0,0,0,0,0,0,0,,0,,0,0,,0,0,,0,,,,,,,,204,
531,515,Andre Brown,2TM,RB,24,4,0,0,0,0,0,0,2,-1,-0.50,0,0,0,0,,0,0,,0,,,,-0.1,-0.1,-0.1,,167,
532,516,Duke Calhoun,NYG,WR,23,9,0,0,0,0,0,0,0,0,,0,2,1,4,4.00,0,0,,0,,,,1.4,1.4,0.9,,191,
533,517,Jehuu Caulcrick,BUF,RB,27,2,0,0,0,0,0,0,1,2,2.00,0,0,0,0,,0,0,,0,,,,0.2,0.2,0.2,,152,
534,518,Brian Clark,DET,,27,4,0,0,0,0,0,0,0,0,,0,1,0,0,,0,0,,0,,,,,,,,193,
535,519,Colin Cloherty,SFO,,23,2,0,0,0,0,0,0,0,0,,0,0,0,0,,0,0,,0,,,,,,,,98,
536,520,Daniel Coats,2TM,,26,10,0,0,0,0,0,0,0,0,,0,2,0,0,,0,0,,0,,,,,,,,102,
537,521,Brodie Croyle,KAN,QB,27,2,1,8,19,38,0,1,0,0,,0,0,0,0,,0,0,,0,,,,-0.5,0.5,0.5,,78,
538,522,Victor Cruz,NYG,,24,3,0,,,,,,,,,,,,,,,,,,,,,,,,,213,
539,523,Jeff Cumberland,NYJ,TE,23,1,0,0,0,0,0,0,0,0,,0,2,1,3,3.00,0,0,,0,,,,1.3,1.3,0.8,,94,
540,524,Dominique Curry,STL,,23,2,0,0,0,0,0,0,0,0,,0,0,0,0,,0,0,,0,,,,,,,,208,
541,525,Britt Davis,DEN,,24,3,0,0,0,0,0,0,0,0,,0,0,0,0,,0,0,,0,,,,,,,,206,
542,526,Garrett Graham,HOU,,24,6,0,0,0,0,0,0,0,0,,0,,0,0,,0,0,,0,,,,,,,,100,
543,527,Clark Harris,CIN,,26,16,0,0,0,0,0,0,0,0,,0,,0,0,,0,0,,0,,,,,,,,112,
544,528,Chris Henry,SEA,,25,1,0,0,0,0,0,0,0,0,,0,0,0,0,,0,0,,0,,,,,,,,156,
545,529,Lex Hilliard,MIA,RB,26,16,0,0,0,0,0,0,0,0,,0,2,1,3,3.00,0,0,,0,,,,1.3,1.3,0.8,,150,
546,530,Jesse Holley,DAL,,26,12,0,0,0,0,0,0,0,0,,0,0,0,0,,0,0,,0,,,,,,,,212,
547,531,Jeremy Horne,KAN,,24,3,0,0,0,0,0,0,0,0,,0,1,0,0,,0,0,,0,,,,,,,,200,
548,532,Rashawn Jackson,CAR,,23,2,1,0,0,0,0,0,0,0,,0,0,0,0,,0,0,,0,,,,,,,,163,
549,533,Brian Jennings,SFO,,34,16,0,0,0,0,0,0,0,0,,0,,0,0,,0,0,,0,,,,,,,,109,
550,534,Darcy Johnson,STL,,27,4,2,0,0,0,0,0,0,0,,0,2,0,0,,0,0,,0,,,,,,,,104,
551,535,Jerome Johnson,ARI,,25,1,0,0,0,0,0,0,0,0,,0,1,0,0,,0,0,,0,,,,,,,,162,
552,536,Larry Johnson,WAS,RB,31,2,0,0,0,0,0,0,5,2,0.40,0,0,0,0,,0,0,,0,,,,0.2,0.2,0.2,,151,
553,537,Onrea Jones,ARI,,27,2,0,0,0,0,0,0,0,0,,0,,0,0,,0,0,,0,,,,,,,,209,
554,538,Billy Latsko,SDG,,26,1,0,0,0,0,0,0,0,0,,0,0,0,0,,0,0,,0,,,,,,,,155,
555,539,Mike Leach,ARI,,34,16,0,0,0,0,0,0,0,0,,0,0,0,0,,0,0,,0,,,,,,,,99,
556,Rk,Player,Tm,FantPos,Age,G,GS,Cmp,Att,Yds,TD,Int,Att,Yds,Y/A,TD,Tgt,Rec,Yds,Y/R,TD,Fmb,FL,TD,2PM,2PP,FantPt,PPR,DKPt,FDPt,VBD,PosRank,OvRank
557,540,Elbert Mack,TAM,,24,12,0,0,0,0,0,0,0,0,,0,0,0,0,,0,1,,0,,,,,,,,211,
558,541,Charly Martin,CAR,,26,1,0,0,0,0,0,0,0,0,,0,,0,0,,0,0,,0,,,,,,,,195,
559,542,Jeron Mastrud,MIA,,23,8,2,0,0,0,0,0,0,0,,0,1,0,0,,0,0,,0,,,,,,,,108,
560,543,John Matthews,JAX,,24,3,0,0,0,0,0,0,0,0,,0,1,0,0,,0,0,,0,,,,,,,,199,
561,544,Anthony McCoy,SEA,,23,2,0,0,0,0,0,0,0,0,,0,0,0,0,,0,0,,0,,,,,,,,106,
562,545,Lonyae Miller,DAL,,22,4,0,0,0,0,0,0,0,0,,0,,0,0,,0,0,,0,,,,,,,,164,
563,546,Devin Moore,IND,RB,25,4,0,0,0,0,0,0,2,-2,-1.00,0,0,0,0,,0,2,,0,,,,-0.2,-0.2,-0.2,,168,
564,547,Kenny Moore,IND,,25,2,0,0,0,0,0,0,0,0,,0,0,0,0,,0,2,,0,,,,,,,,198,
565,548,Matthew Mulligan,NYJ,,25,13,1,0,0,0,0,0,0,0,,0,1,0,0,,0,0,,0,,,,,,,,101,
566,549,John Nalbone,MIA,,24,2,0,0,0,0,0,0,0,0,,0,,0,0,,0,0,,0,,,,,,,,103,
567,550,Dan Orlovsky,HOU,,27,1,0,0,0,0,0,0,0,0,,0,,0,0,,0,0,,0,,,,,,,,75,
568,551,Montell Owens*,JAX,,26,16,0,0,0,0,0,0,0,0,,0,0,0,0,,0,0,,0,,,,,,,,166,
569,552,Jalen Parmele,BAL,,25,16,0,0,0,0,0,0,0,0,,0,0,0,0,,0,1,,0,,,,,,,,159,
570,553,Dennis Pitta,BAL,TE,25,11,0,0,0,0,0,0,0,0,,0,5,1,1,1.00,0,0,,0,,,,1.1,1.1,0.6,,95,
571,554,Courtney Roby,NOR,,27,13,0,0,0,0,0,0,0,0,,0,0,0,0,,0,1,,0,,,,,,,,202,
572,555,Sage Rosenfels,NYG,QB,32,12,0,0,0,0,0,0,3,-3,-1.00,0,0,0,0,,0,0,,0,,,,-0.3,-0.3,-0.3,,77,
573,556,Martin Rucker,DAL,,25,5,1,0,0,0,0,0,0,0,,0,0,0,0,,0,0,,0,,,,,,,,111,
574,557,Derek Schouman,STL,,25,4,0,0,0,0,0,0,0,0,,0,,0,0,,0,0,,0,,,,,,,,105,
575,558,Chad Simpson,WAS,,25,3,0,0,0,0,0,0,0,0,,0,0,0,0,,0,0,,0,,,,,,,,165,
576,559,Matthew Slater,NWE,,25,15,0,0,0,0,0,0,0,0,,0,1,0,0,,0,0,,0,,,,,,,,205,
577,560,Alfonso Smith,ARI,,23,1,0,0,0,0,0,0,0,0,,0,,0,0,,0,0,,0,,,,,,,,161,
578,561,Antone Smith,ATL,RB,25,9,0,0,0,0,0,0,1,-3,-3.00,0,1,0,0,,0,0,,0,,,,-0.3,-0.3,-0.3,,169,
579,562,Marcus Smith,BAL,,25,14,0,0,0,0,0,0,0,0,,0,0,0,0,,0,0,,0,,,,,,,,207,
580,563,Rusty Smith,TEN,QB,23,2,1,20,40,200,0,4,0,0,,0,0,0,0,,0,0,,0,,,,,4.0,4.0,,74,
581,564,Taj Smith,IND,,27,5,0,0,0,0,0,0,0,0,,0,0,0,0,,0,0,,0,,,,,,,,194,
582,565,Justin Snow,IND,,34,16,0,0,0,0,0,0,0,0,,0,0,0,0,,0,0,,0,,,,,,,,110,
583,566,Devin Thomas,3TM,,24,9,0,0,0,0,0,0,0,0,,0,1,0,0,,0,0,,0,,,,,,,,203,
584,567,Derrick Townsel,HOU,,22,1,0,0,0,0,0,0,0,0,,0,,0,0,,0,0,,0,,,,,,,,196,
585,568,Billy Volek,SDG,QB,34,3,0,1,1,8,0,0,6,-5,-0.83,0,0,0,0,,0,0,,0,,,,-0.2,-0.2,-0.2,,76,
586,569,Chauncey Washington,STL,,25,1,0,0,0,0,0,0,0,0,,0,,0,0,,0,0,,0,,,,,,,,154,
587,Rk,Player,Tm,FantPos,Age,G,GS,Cmp,Att,Yds,TD,Int,Att,Yds,Y/A,TD,Tgt,Rec,Yds,Y/R,TD,Fmb,FL,TD,2PM,2PP,FantPt,PPR,DKPt,FDPt,VBD,PosRank,OvRank
588,570,Leonard Weaver,PHI,RB,28,1,0,0,0,0,0,0,1,0,0.00,0,0,0,0,,0,0,,0,,,,,,,,157,
589,571,Ernest Wilford,JAX,TE,31,2,0,0,0,0,0,0,0,0,,0,2,1,3,3.00,0,0,,0,,,,1.3,1.3,0.8,,93,
590,572,Demetrius Williams,CLE,,27,2,0,0,0,0,0,0,0,0,,0,2,0,0,,0,0,,0,,,,,,,,210,
591,573,George Wilson,BUF,,29,16,2,0,0,0,0,0,0,0,,0,0,0,0,,0,0,,0,,,,,,,,201,
592,574,DeShawn Wynn,2TM,,27,7,0,0,0,0,0,0,0,0,,0,0,0,0,,0,0,,0,,,,,,,,153,
593,575,Joe Zelenka,ATL,,34,16,0,0,0,0,0,0,0,0,,0,,0,0,,0,0,,0,,,,,,,,97,
594,576,Levi Brown,BUF,QB,23,1,0,2,3,24,0,1,0,0,,0,0,0,0,,0,0,,0,,,-1,-1.0,,,,79,
595,577,Brian Brohm,BUF,QB,25,1,1,10,23,106,0,3,0,0,,0,0,0,0,,0,1,,0,,,-2,-1.8,1.2,1.2,,80,
596,578,Todd Collins,CHI,QB,39,2,1,10,27,68,0,5,0,0,,0,0,0,0,,0,0,,0,,,-7,-7.3,-2.3,-2.3,,81,
